MOTHER_ED,EERI,MATH_VERB
15,2,0.58483
12,2,0.27978000000000003
12,1,0.22001
12,1,0.03585
14,1,0.30583
6,3,0.67533
12,2,0.26024
11,2,0.44451
15,1,0.09339
15,1,0.08334
13,1,0.03505
11,1,0.10443
10,1,0.06423
7,2,0.061200000000000004
12,1,0.054029999999999995
12,1,0.17058
12,3,0.62806
16,3,0.35107
12,2,0.88652
12,1,0.79413
12,0,0.29824
12,1,0.47134
18,2,0.9670300000000001
12,2,0.15234999999999999
14,2,0.01355
12,2,0.44494999999999996
14,1,0.52921
16,1,0.56708
12,1,0.0239
6,1,0.42129
12,1,0.70113
12,2,0.75575
10,1,0.043550000000000005
8,1,0.05351
8,2,0.27977
12,2,0.35316000000000003
12,2,0.6657500000000001
13,2,0.74883
16,3,0.94837
16,3,0.83765
12,2,0.90866
12,2,0.43864
12,2,0.57727
15,2,0.76838
12,2,0.65345
12,2,0.53132
15,3,0.33091000000000004
14,2,0.59605
16,2,0.67045
16,2,0.58706
16,2,0.71624
16,2,0.89334
16,2,0.83789
18,3,0.8902800000000001
16,2,0.60424
18,3,0.98914
12,2,0.7940900000000001
16,1,0.62219
16,1,0.39585000000000004
12,2,0.18370999999999998
12,2,0.42347999999999997
11,3,0.05071
11,3,0.12233000000000001
12,2,0.27157
14,2,0.92692
16,2,0.79949
9,1,0.042510000000000006
13,2,0.83128
12,2,0.7558199999999999
12,1,0.61533
12,2,0.87967
16,2,0.98687
13,3,0.9029200000000001
12,3,0.95254
18,2,1
18,2,0.9819599999999999
14,3,0.79429
12,3,0.85828
16,2,0.82474
16,2,0.74248
15,1,0.55484
14,1,0.63503
17,3,0.526
18,2,0.99591
15,1,0.33506
12,2,0.7179099999999999
12,1,0.35568
12,1,0.66561
18,3,0.80773
12,2,0.6655599999999999
14,2,0.82209
16,3,0.86033
12,1,0.62122
12,1,0.43085
15,2,0.76936
14,2,0.58782
18,1,0.5150399999999999
18,1,0.45199
12,2,0.29803999999999997
12,2,0.10686999999999999
13,1,0.86419
13,2,0.87611000000000006
11,3,0.56495
11,3,0.63505
18,2,0.84456
12,2,0.42366
12,1,0.14864
8,2,0.33759999999999996
6,1,0.10621
16,3,0.75382
12,1,0.15073999999999999
7,1,0.18295999999999998
11,2,0.53768
14,1,0.7269199999999999
12,3,0.34539000000000003
12,2,0.522
14,2,0.39122
14,1,0.5663
12,3,0.89741
12,2,0.6457999999999999
11,2,0.17931999999999998
18,2,0.95218
14,3,0.86696
16,2,0.40245
16,2,0.45052
18,2,0.73369
18,3,0.8050700000000001
12,3,0.9845099999999999
16,2,0.34804999999999997
14,3,0.7183799999999999
12,2,0.27268000000000003
14,1,0.36222
13,1,0.55736
13,2,0.36685
12,1,0.45243
12,2,0.61751
14,2,0.16242
20,2,0.4311
20,3,0.67241
18,2,0.48416
16,2,0.7324299999999999
11,2,0.61481
12,2,0.25049
4,1,0.51107
6,1,0.04585
10,1,0.23632999999999998
10,1,0.07915
14,1,0.9711700000000001
12,2,0.2075
5,1,0.11676
14,3,0.85233
12,2,0.8826
14,1,0.26195
14,3,0.9412900000000001
14,2,0.9093600000000001
17,3,0.83087
12,2,0.9653100000000001
15,1,0.24639
16,3,0.3464
6,1,0.5774199999999999
12,1,0.6866599999999999
6,2,0.47119999999999995
9,1,0.13978
4,1,0.07468
3,1,0.40549999999999997
13,3,0.6693000000000001
14,3,0.06538000000000001
14,1,0.26452000000000003
17,3,0.98786
17,2,0.44976
16,3,0.5972999999999999
14,2,0.54409
14,2,0.66987
12,2,0.19388000000000002
12,3,0.7865000000000001
12,2,0.69845
6,2,0.09151999999999999
15,2,0.27912
12,1,0.14734
12,1,0.07873000000000001
18,3,0.5530700000000001
14,2,0.9045799999999999
9,2,0.26653
13,0,0.05305
13,1,0.15014
16,3,0.77604
8,2,0.61988
18,3,0.9129
12,2,0.65106
18,3,0.9964799999999999
15,1,0.18347000000000002
16,2,0.82274
16,2,0.8215300000000001
18,2,0.7046899999999999
13,1,0.6591800000000001
12,1,0.19305
9,1,0.030289999999999997
13,2,0.81035
12,2,0.51465
8,0,0.48296
12,1,0.23396999999999998
13,3,0.74836
8,1,0.0023599999999999997
14,3,0.41101999999999994
14,2,0.5314099999999999
12,2,0.36129
12,1,0.28983000000000003
12,1,0.08071999999999999
10,2,0.9196500000000001
10,2,0.5811
11,1,0.07209
11,1,0.0935
12,2,0.93526
12,2,0.7151000000000001
12,1,0.32409
12,2,0.62773
2,1,0.14295
5,1,0.05825
12,1,0.2541
16,2,0.4053
12,2,0.8107099999999999
14,3,0.5053
12,2,0.6624899999999999
17,3,0.95262
12,1,0.8282200000000001
13,2,0.9097700000000001
12,1,0.16662
18,3,0.98373
15,2,0.51088
12,3,0.23768999999999998
13,3,0.93903
13,2,0.92188
12,3,0.97225
16,3,0.54911
12,2,0.7021999999999999
17,1,0.29055
14,2,0.49154000000000003
14,2,0.23206
16,2,0.9156799999999999
15,3,0.6491800000000001
12,2,0.44939999999999997
4,2,0.60034
4,2,0.70811
12,2,0.68257
16,3,0.75099
12,2,0.27664
10,1,0.03676
18,3,0.5158200000000001
15,1,0.13143000000000002
9,1,0.16523
14,2,0.16841
14,2,0.25933
7,1,0.13401
6,1,0.24065999999999999
11,1,0
16,2,0.44322
13,2,0.38621
13,2,0.47867
13,2,0.7042100000000001
14,2,0.60494
14,2,0.96662
14,3,0.47503
16,2,0.99678
16,3,0.9901800000000001
16,3,0.97811
13,2,0.15042
16,3,0.73821
16,3,0.9246500000000001
17,3,0.8877200000000001
16,3,0.7466700000000001
16,3,0.97859
16,3,0.99182
16,3,0.7980200000000001
18,3,0.9229900000000001
17,3,0.9706699999999999
14,1,0.19553
13,1,0.055439999999999996
9,2,0.41835
9,2,0.48786
14,2,0.98909
19,1,0.5497
16,2,0.28994
12,3,0.56176
14,2,0.55457
14,1,0.26572
12,3,0.61888
16,3,1
12,3,0.22333999999999998
18,2,0.9963200000000001
13,3,0.73141
16,3,0.9566800000000001
16,3,0.64858
16,3,0.93038
18,2,0.82304
16,1,0.92824
12,2,0.73102
12,2,0.19617
12,1,0.20920000000000002
11,2,0.36578000000000005
11,0,0.51988
12,2,0.64764
12,1,0.022269999999999998
14,1,0.1013
14,3,0.42475
9,1,0.2194
15,2,0.84822
12,1,0.48674
14,2,0.83735
14,2,0.88213
16,2,0.41643
16,2,0.7731999999999999
17,2,0.9292400000000001
13,2,0.6693899999999999
15,2,0.31267
13,2,0.6022500000000001
13,2,0.30799
12,2,0.65618
11,2,0.25539
12,2,0.23167000000000001
13,2,0.17212
14,2,0.13132
12,3,0.8790399999999999
12,2,0.6422100000000001
13,1,0.32722
12,3,0.92938
12,2,0.14973
4,1,0.72985
4,2,0.65003
10,2,0.02943
12,2,0.40110999999999997
17,1,0.45363
12,2,0.5487
16,1,0.37811
13,2,0.5915699999999999
13,2,0.31578
12,1,0.17079
12,1,0.15783
15,3,0.35079
15,3,0.24099
14,2,0.70718
12,2,0.75173
14,2,0.46715
14,3,0.60434
11,1,0.46474
10,1,0.11753999999999999
8,2,0.07227
8,0,0.038
16,2,0.24294000000000002
13,2,0.34987
14,2,0.70288
18,2,0.63707
16,2,0.7147100000000001
14,3,0.51695
16,3,0.96075
12,1,0.30012
14,2,0.9193399999999999
19,2,0.9301699999999999
16,2,0.88303
16,2,0.46238999999999997
14,2,0.83343
14,2,0.28754
17,3,0.9775400000000001
16,2,0.84902
16,2,0.7674599999999999
14,1,0.46225
16,2,0.7456499999999999
18,2,0.92727
18,2,0.53442
16,3,0.68613
12,2,0.14042
13,2,0.6585899999999999
17,3,0.97287
16,3,0.98004
14,2,0.41795000000000004
16,2,0.92553
16,2,0.49509000000000003
16,2,0.81082
20,3,0.94066
19,2,0.9914700000000001
16,2,0.379
16,3,0.9875799999999999
16,3,0.85075
12,3,0.93084
13,2,0.8875
12,1,0.78318
12,3,0.97316
13,2,0.62978
13,2,0.80797
11,1,0.39787
12,1,0.54835
11,1,0.29268
11,1,0.26381
16,2,0.41822000000000004
16,1,0.47386
16,1,0.18999
16,2,0.20759
12,2,0.8217700000000001
12,1,0.9081699999999999
14,2,0.6813899999999999
14,2,0.29819
14,2,0.69021
12,2,0.17283
16,2,0.73083
17,2,0.89397
13,3,0.8774
14,3,0.6380899999999999
12,2,0.7928700000000001
9,2,0.43999000000000005
10,1,0.10319
11,1,0.12321
10,1,0.16713
9,1,0.06128
12,2,0.10082
10,1,0.13881
9,1,0.00639
12,2,0.04842
9,3,0.4648
12,1,0.30329
13,3,0.57487
6,2,0.34814999999999996
6,2,0.26063
12,2,0.74768
14,2,0.8996999999999999
12,1,0.25218
18,3,0.9523699999999999
16,3,0.9611700000000001
14,2,0.63819
12,2,0.96974
13,3,0.66643
13,3,0.84379
13,1,0.27648
14,2,0.51129
15,2,0.4296
9,1,0.08324999999999999
9,2,0.0727
9,2,0.14495
14,2,0.39864
15,1,0.29364
13,2,0.61161
12,2,0.34749
16,2,0.70938
17,3,0.8626
17,3,0.4752
12,3,0.76267
12,2,0.70116
10,0,0.20702
13,3,0.42916
15,3,0.94837
15,3,0.77228
12,2,0.24545000000000003
12,3,0.67804
12,2,0.75646
16,3,0.80559
18,3,0.9929399999999999
13,1,0.84773
13,1,0.5686
13,3,0.8864700000000001
13,2,0.7349
16,1,0.64591
14,3,0.63074
12,2,0.61185
14,2,0.51844
12,2,0.20373000000000002
14,2,0.8552299999999999
12,2,0.86187
12,2,0.68159
14,3,0.19887
12,3,0.83906
14,3,0.76363
14,2,0.11057
16,2,0.59301
16,1,0.79907
15,2,0.9808199999999999
12,1,0.38968
13,2,0.92172
12,2,0.78417
12,2,0.64764
13,2,0.9493699999999999
12,2,0.92341
12,2,0.9379000000000001
12,1,0.9127200000000001
10,1,0.21345
10,2,0.10414999999999999
13,1,0.45529000000000003
13,1,0.19890999999999998
12,1,0.05778
12,2,0.05207
11,2,0.02675
12,2,0.2437
12,2,0.0444
13,2,0.13782
16,3,0.73604
14,2,0.46246000000000004
16,3,0.8254900000000001
17,3,0.39201
18,1,0.8622
16,3,0.9348000000000001
16,3,0.92624
19,2,0.44271
20,2,0.9847899999999999
16,2,0.49811
17,2,1
17,3,0.74027
14,2,0.73351
16,2,0.7494
14,3,0.6328499999999999
16,3,1
11,1,0.10048
13,2,0.20099
13,1,0.13216
12,3,0.20881
12,1,0.21211
12,3,0.52341
12,3,0.8993300000000001
12,2,0.83174
10,1,0.58832
13,3,0.87092
12,2,0.8485299999999999
16,3,0.86944
11,2,0.59198
17,2,0.8964700000000001
15,3,0.32744
16,3,0.5864
17,2,0.83738
16,1,0.22869
16,1,0.73902
12,2,0.33169
12,3,0.8327500000000001
13,2,0.50498
17,3,0.9490099999999999
15,1,0.8829300000000001
14,3,0.8518000000000001
16,3,0.69377
12,2,0.37357
12,2,0.35720999999999997
10,1,0.032709999999999996
12,2,0.50493999999999994
13,1,0.23247
14,3,0.95321
14,2,0.94021
16,2,0.8321500000000001
12,1,0.33716
17,3,0.96354
16,3,0.78967
12,2,0.5719299999999999
16,2,0.7956300000000001
16,2,0.88993
13,3,0.7833
18,2,0.87617
16,2,0.41100000000000003
12,2,0.98307
16,1,0.37573999999999996
10,2,0.09073
12,3,0.95761
14,2,0.9392900000000001
12,2,0.20468
16,3,0.75604
12,1,0.9633400000000001
12,2,0.0068000000000000005
12,1,0.17614000000000002
12,1,0.10166
18,3,0.77235
12,0,0.13736
12,1,0.08872
4,1,0.0674
12,1,0.15021
12,1,0.056479999999999995
12,2,0.00961
13,2,0.26045
12,3,0.43999000000000005
12,2,0.50768
12,3,0.82151
14,3,0.44213
20,2,0.84423
12,2,0.34335
12,1,0.25902000000000003
12,2,0.0279
12,2,0.47397
18,3,0.96147
16,1,0.59644
12,2,0.49276000000000003
12,2,0.01069
14,2,0.6584300000000001
18,3,0.58124
18,3,0.77559
13,3,0.31243
13,2,0.24156
20,2,0.8705200000000001
14,2,0.08992000000000001
6,2,0.38482
16,2,0.93452
16,2,0.49542
14,2,0.77991
16,2,0.55649
17,2,0.96269
16,2,0.98996
16,3,0.98598
16,2,0.95589
16,2,0.53498
16,1,0.62849
16,2,0.7656000000000001
12,2,0.13078
15,2,0.28346
15,2,0.10554000000000001
18,2,0.73874
12,1,0.34832
12,1,0.42127000000000003
13,2,0.49125
14,2,0.53833
16,2,0.4582
12,1,0.9515600000000001
16,3,0.84039
16,2,0.9493699999999999
16,2,0.86558
16,2,0.54621
13,2,0.38089
12,2,0.14106
15,3,0.59316
6,2,0.33987
11,2,0.42695
12,2,0.57619
12,2,0.07928
12,2,0.29258
18,3,0.24719000000000002
14,2,0.34318
17,3,0.71025
12,1,0.5259199999999999
16,2,0.67837
12,2,0.22468
12,2,0.45247
10,1,0.24137
12,2,0.8314499999999999
14,2,0.2783
12,2,0.8182699999999999
12,2,0.87534
12,2,0.75347
12,3,0.9045300000000001
14,2,0.5939099999999999
14,2,0.9501000000000001
14,3,0.67914
14,2,0.64106
16,2,0.49520000000000003
16,2,0.63525
12,1,0.27378
11,2,0.50201
12,2,0.32802
14,2,0.5866899999999999
6,2,0.39541
13,2,0.6592100000000001
13,3,0.85962
15,1,0.046669999999999996
12,2,0.7473099999999999
12,2,0.5624
16,2,0.38139
16,2,0.80881
12,1,0.10550000000000001
16,3,0.54438
16,2,0.53933
16,3,0.63831
12,1,0.0608
12,3,0.6750400000000001
18,3,0.80619
16,3,1
15,3,0.8778199999999999
11,2,0.71904
11,2,0.51676
18,2,1
13,3,0.7659999999999999
14,3,0.8388
8,2,0.60045
12,3,0.72761
14,2,0.40836
14,1,0.11486
18,2,0.8403700000000001
14,3,0.44673999999999997
11,2,0.81829
12,3,0.30872
10,1,0.41416
4,0,0.58937
14,3,0.69314
14,3,0.81439
16,2,0.68524
18,2,0.69624
18,2,0.95557
17,2,0.8971899999999999
12,1,0.43037
14,1,0.5731499999999999
14,3,0.9328400000000001
14,2,0.89436
11,2,0.5314800000000001
16,1,0.7598600000000001
12,2,0.12621000000000002
12,2,0.27137
13,3,0.17443
12,2,0.67243
9,0,0.22261
13,2,0.7474
12,3,0.6804600000000001
12,1,0.12375
12,1,0.17884
12,1,0.19004000000000001
14,2,0.94261
12,1,0.33271
12,2,0.26271
12,1,0.43796999999999997
12,1,0.11047000000000001
15,0,0.5362899999999999
16,3,0.90154
16,3,0.65276
9,2,0.58786
14,3,0.93809
14,3,0.62018
16,3,0.19155999999999998
13,2,0.49034
13,1,0.31027
16,2,0.86563
12,3,0.82943
12,3,0.10632
14,3,0.13283
14,2,0.11463
12,1,0.19362
17,2,0.26292000000000004
17,1,0.14599
14,2,0.44904000000000005
12,2,0.59594
12,2,0.34654
12,1,0.92562
14,2,0.49511000000000005
12,2,0.57745
16,0,0.64358
16,0,0.2623
20,3,0.78293
12,2,0.13662000000000002
16,2,0.6704600000000001
12,2,0.51823
16,2,0.7607299999999999
12,2,0.7072400000000001
12,2,0.5293
12,2,0.93188
20,2,0.77983
14,2,0.56505
9,1,0.39234
13,2,0.15403
16,3,0.95854
18,1,0.99655
18,2,0.45647
10,1,0.020030000000000003
11,1,0.22994
11,1,0.091
16,3,0.91501999999999994
12,2,0.22172
16,3,0.8985500000000001
18,3,0.83526
13,2,0.3688
14,1,0.23042
14,0,0.04562
14,3,0.67733
14,3,0.34176
11,2,0.02101
11,2,0.5732200000000001
12,2,0.72197
13,2,0.46586
13,2,0.47733
20,3,0.73482
10,1,0.78908
12,2,0.45126
12,2,0.15538
12,2,0.65215
13,2,0.13666999999999999
16,2,0.9147700000000001
16,3,0.79084
12,1,0.70197
12,1,0.6472100000000001
12,2,0.71435
11,0,0.28389
13,2,0.78704
13,2,0.18279
13,2,0.75007
12,3,0.74732
16,2,0.40913
14,3,0.8963899999999999
14,2,0.72831
20,2,0.16257000000000002
16,2,0.69511
16,3,0.6001299999999999
13,3,0.80637
12,1,0.36119
9,1,0.40541
5,1,0.0767
17,1,0.70219
12,2,0.8144
13,3,0.38691000000000003
16,1,0.23068000000000002
3,0,0.11105000000000001
12,2,0.13672
12,2,0.25968
10,3,0.16651
12,2,0.49262999999999996
15,2,0.85938
14,2,0.70696
13,1,0.19745000000000001
13,2,0.5408
16,2,0.95947
12,2,0.31251
15,3,0.59661
13,1,0.79781
12,2,0.91215
12,2,0.26572
13,2,0.40825
9,1,0.72269
14,2,0.0696
18,2,0.68479
16,3,0.8977299999999999
10,1,0.42665
9,1,0.25598
12,2,0.94797
9,1,0.03894
9,1,0.34265999999999996
10,1,0.294
13,1,0.02754
12,2,0.12956
16,3,0.6555599999999999
12,1,0.6689799999999999
18,3,0.62397
15,2,0.5798
12,3,0.33291
13,2,0.86924
16,2,0.79539
12,3,0.82023
20,2,0.08766
12,2,0.28619
13,3,0.93136
13,3,0.6085499999999999
15,2,0.78365
13,3,0.9494799999999999
18,2,0.8355
18,2,0.68947
20,2,0.64563
18,3,1
16,1,0.33774
16,2,0.69759
20,2,0.7591899999999999
20,2,1
20,2,0.88577
13,2,0.6454099999999999
16,3,0.99668
14,2,0.606
13,2,0.7654900000000001
12,1,0.90204
18,1,0.81194
12,2,0.94958
12,2,0.84887
16,2,0.49822000000000005
13,3,0.7270699999999999
16,2,0.9753799999999999
16,2,0.99241
16,3,0.8582
13,0,0.19094
16,3,0.57882
13,2,0.35916
16,2,0.85528
10,3,0.17689
12,3,0.37476
12,1,0.35738
13,2,0.61498
12,1,0.13614
16,2,0.85179
10,0,0.44728
10,0,0.16213
14,3,0.68691
14,2,0.43902
16,2,0.55643
12,2,0.27349
13,1,0.91337
14,1,0.37719
12,2,0.9362999999999999
5,1,0.22388000000000002
16,2,0.36484
14,2,0.49107999999999996
12,3,0.53137
12,2,0.57031
12,2,0.40698
14,3,0.34281
16,2,0.94708
14,1,0.43841
8,1,0.01283
10,1,0.20547
14,1,0.38536000000000004
16,3,0.94075
16,2,0.8279099999999999
16,2,0.6489
16,2,0.10257999999999999
16,2,0.75942
16,2,0.76398
14,2,0.1075
20,3,0.82748
12,3,0.96575
14,3,0.9184
12,2,0.33797
12,2,0.80143
16,2,0.8536
14,2,0.9091800000000001
12,1,0.04638
14,2,0.71158
12,2,0.35954
18,3,0.9627
18,3,0.89762
16,3,0.82015
17,3,0.82887
14,2,0.77782
12,3,0.8336
12,3,0.8996500000000001
18,2,0.21847000000000003
12,1,0.57518
14,2,0.86721
10,1,0.02155
12,1,0.18367999999999998
12,2,0.27805
16,2,0.6538299999999999
12,2,0.44917
16,2,0.5307200000000001
3,3,0.26028
9,1,0.09853999999999999
12,2,0.5368200000000001
12,2,0.6272
13,2,0.9678
15,2,0.90594
14,1,0.41081
12,2,0.19945000000000002
12,1,0.0663
12,1,0.17145
12,1,0.80238
13,2,0.50806
12,2,0.80074
16,3,0.67952
12,1,0.36978
16,2,0.88298
10,0,0
12,2,0.19207999999999997
17,1,0.94163
17,3,0.8552599999999999
18,2,0.66282
16,2,0.5540999999999999
16,2,0.6751699999999999
12,3,0.35834000000000005
13,1,0.39945
13,1,0.15947
1,1,0.30911
8,1,0.77205
14,3,0.85077
9,2,0.26606
10,1,0.56232
10,1,0.17107
12,2,0.15402
7,2,0.17620000000000002
7,1,0.25456
11,1,0.76424
15,2,0.10266
12,1,0.79063
12,1,0.41603999999999997
14,3,0.99651
20,2,0.96841
14,2,0.83458
14,3,0.55256
13,3,0.98524
13,3,0.7030500000000001
12,2,0.92452
12,1,0.76866
12,2,0.75126
18,3,0.71146
16,3,1
16,3,0.66664
12,1,0.92661
12,1,0.44904000000000005
12,1,0.36386
10,2,0.28259
13,1,0.44637
12,2,0.35178
12,1,0.06293
12,1,0.69402
12,1,0.48976
18,2,0.39558
12,1,0.50505
12,1,0.6910299999999999
16,2,0.99676
13,1,0.21699000000000002
14,2,0.6313
14,2,0.43561999999999995
12,1,0.42428
15,3,0.8738800000000001
20,3,0.6835
14,2,0.43565
12,2,0.35
12,3,0.2211
12,3,0.26548
11,2,0.23921
12,2,0.38132
12,2,0.91656
16,2,0.37396
12,2,0.37454
12,1,0.20507
12,1,0.1543
12,2,0.69098
16,3,0.21666
12,2,0.70807
12,3,0.12337
12,3,0.71937
12,1,0.52481
12,3,0.90412
13,1,0.23523
13,1,0.84573
12,2,0.36662999999999996
11,1,0.32309
10,1,0.27227
12,0,0.32467
12,1,0.02452
12,1,0.53969
12,2,0.46657
16,2,0.9623
12,2,0.9329500000000001
16,2,0.8893099999999999
16,2,0.53753
14,3,0.49136
16,2,0.9292100000000001
12,2,0.76008
12,2,0.96462
12,2,0.5489999999999999
12,2,0.26496
14,2,0.71417
12,2,0.8161799999999999
18,2,0.86791
10,1,0.58241
12,2,0.7552500000000001
12,2,0.14912
12,1,0.7077100000000001
12,1,0.54543
12,1,0.39305
15,1,0.9472
12,2,0.91837
12,3,0.47055
18,3,0.96832
13,2,0.7012900000000001
13,2,0.32536000000000004
15,3,0.8640000000000001
12,2,0.41987
11,1,0.29546
9,1,0.13051000000000001
12,2,0.73746
13,1,0.76595
13,1,0.74554
12,1,0.6235499999999999
12,3,0.84294
14,2,0.78872
14,2,0.59939
12,3,0.9744499999999999
12,2,0.63621
12,1,0.79727
12,2,0.21349
12,2,0.48308999999999996
12,3,0.92368
14,2,0.97197
10,1,0.33975
12,1,0.80262
12,2,0.53705
16,2,0.74898
12,2,0.79806
12,2,0.31842
18,2,0.5015999999999999
20,3,0.66086
16,3,0.78656
12,3,0.6985800000000001
16,2,0.9115300000000001
12,2,0.46703000000000006
16,3,0.71858
12,2,0.43085
10,2,0.28718
12,2,0.58553
14,1,0.72559
18,3,0.97527
17,2,0.7109099999999999
14,3,0.47771
12,1,0.026690000000000002
17,2,0.87654
14,2,0.24519
12,2,0.47848
12,1,0.33425
13,2,0.58065
12,1,0.90532
17,2,0.47398
16,1,0.97655
18,2,0.66594
13,2,0.3267
12,2,0.04947
13,2,0.4703
12,1,0.28504999999999997
12,1,0.14356
12,1,0.47147
14,2,0.8793300000000001
15,3,0.81216
16,3,0.90584
10,2,0.63501
10,0,0.23119
9,1,0.32398000000000005
12,2,0.52838
12,1,0.11875
9,0,0.011049999999999999
10,2,0.14569000000000001
10,1,0.30895
12,2,0.66244
12,2,0.3746
12,2,0.5730299999999999
15,1,0.20998999999999998
12,2,0.6248
17,3,0.74288
16,2,0.43723999999999996
13,3,0.39081000000000005
15,3,0.9695
12,1,0.9793600000000001
13,2,0.64023
14,3,0.66562
14,2,0.41484000000000004
12,1,0.79314
13,2,0.47798
13,2,0.38689999999999997
16,1,0.74239
16,1,0.26253
14,1,0.2266
12,1,0.60541
17,2,0.66928
13,1,0.47308
13,1,0.06831000000000001
13,1,0.35373
14,3,0.9418099999999999
14,3,0.7244499999999999
12,2,0.58603
12,2,0.54035
12,1,0.4671
12,1,0.92658
15,2,1
8,1,0.9769
11,2,0.04156
11,2,0.060860000000000004
12,1,0.99012
16,2,0.80121
11,2,0.08859
11,2,0.11434
10,1,0.09223
12,2,0.1306
16,3,0.8149
12,3,0.6681199999999999
17,2,0.97433
14,2,0.70407
20,2,0.6975
16,2,0.94333
16,2,0.19952000000000003
16,2,0.18834
13,2,0.7709199999999999
17,2,0.75291
14,2,0.48465
12,2,0.83923
12,3,0.78416
16,2,0.92833
18,3,0.9489700000000001
12,3,0.6123299999999999
12,2,0.42996
11,3,0.88455
17,2,0.11802
16,3,0.9199299999999999
12,3,0.81475
14,2,0.8558
14,2,0.68704
16,3,0.97072
15,2,0.36595
13,3,0.86885
12,3,0.8545099999999999
17,3,0.9614199999999999
10,2,0.57829
14,3,0.21624
19,2,0.8799800000000001
13,3,0.50436
17,3,0.43479
16,3,0.85134
16,2,0.67574
12,3,0.19638000000000003
13,2,0.66652
11,1,0.01602
11,1,0.041479999999999996
12,2,0.54189
16,2,0.9459399999999999
14,1,0.80738
16,2,0.8706999999999999
14,2,0.6415000000000001
15,3,0.69919
12,1,0.53033
12,2,0.52855
8,2,0.61633
10,0,0.03174
12,1,0.22475
10,1,0.34734000000000004
9,1,0.02213
16,3,0.7231799999999999
19,3,0.31601
20,1,0.8590099999999999
12,1,0.55597
13,1,0.57113
20,3,0.48068
16,2,0.44725000000000004
12,3,0.91731
12,3,0.44386000000000003
12,3,0.18284
12,3,0.102
20,3,0.8518899999999999
12,1,0.6000099999999999
14,1,0.6581999999999999
17,2,0.98369
17,2,0.7493099999999999
14,1,0.62433
12,0,0.27453
14,3,0.69045
12,1,0.91789
12,1,0.5772999999999999
12,1,0.33655999999999997
12,1,0.5539200000000001
12,2,0.17059000000000002
12,1,0.7637999999999999
12,1,0.15733
13,2,0.6201599999999999
10,1,0.13293
13,2,0.61129
13,2,0.49979999999999997
14,2,0.55883
10,1,0.10162
16,3,0.77605
20,3,0.91499
16,3,0.76618
16,2,0.20986999999999997
14,3,0.76961
16,3,0.63473
11,1,0.17531
15,1,0.38181
13,1,0.71565
12,3,0.87993999999999994
15,3,0.24059999999999998
15,3,0.26258
12,1,0.08169
10,1,0.36430999999999997
12,2,0.69272
12,1,0.01784
12,1,0.18914
9,1,0.26367999999999997
14,1,0.78325
16,2,0.69353
12,2,0.39677
18,2,0.99515
15,2,0.8669100000000001
16,2,0.80569
13,3,0.83087
12,2,0.7746299999999999
16,2,0.5379999999999999
16,3,0.8594499999999999
17,2,0.97787
18,2,0.90479
12,2,0.43199
16,3,0.8523999999999999
16,3,0.71083
12,2,0.1207
16,3,0.82528
12,2,0.44043999999999994
18,2,0.6357200000000001
16,1,0.84611
12,2,0.6207699999999999
14,2,0.07706
13,3,0.18903999999999999
17,2,0.9742400000000001
12,2,0.22289
12,1,0.72639
12,1,0.11857
12,2,0.8035
12,2,0.11128
14,2,0.45699
17,2,0.6092
12,1,0.41936999999999997
13,1,0.31324
12,2,0.38465000000000005
12,3,0.68699
16,1,0.79452
16,2,0.5664399999999999
12,2,0.6787099999999999
12,1,0.47417000000000004
18,1,0.9434699999999999
18,2,0.8778100000000001
18,3,0.74363
20,2,0.8729399999999999
12,2,0.74425
12,2,0.39081000000000005
12,1,0.43733
16,2,0.73934
12,2,0.37189999999999995
16,2,0.6624
14,2,0.32661999999999997
12,2,0.46865
13,1,0.28542
19,2,0.90605
14,2,0.7522199999999999
12,1,0.35779000000000005
14,2,0.85574
12,3,0.71146
16,2,0.7994499999999999
16,2,0.05799000000000001
12,2,0.5794400000000001
16,2,0.58936
15,3,0.79022
12,2,0.6109300000000001
16,3,0.71257
14,3,0.6272
18,1,0.6889799999999999
12,2,0.8904000000000001
13,2,0.05653
14,3,0.69261
12,1,0.03031
12,2,0.45353
14,2,0.2723
12,2,0.45267
14,2,0.30815000000000003
11,1,0.17958
11,1,0.21198
13,1,0.60471
13,2,0.87268
11,1,0.09585
12,2,0.41619
12,1,0.5004500000000001
12,3,0.29231999999999997
12,3,0.28737999999999997
15,2,0.56789
15,3,0.62372
11,2,0.58233
16,2,0.9817400000000001
16,2,0.9426399999999999
12,2,0.64015
15,2,0.86623000000000006
16,2,0.9749899999999999
12,3,0.89556
20,2,0.9859699999999999
12,2,0.62234
9,3,0.31961
9,2,0.48265
12,2,0.5515599999999999
16,2,0.87586
17,2,0.94497
16,0,0.77472
16,2,0.45885
15,1,0.47838
15,2,0.84131
16,2,0.93254
10,1,0.047119999999999995
12,1,0.7505
13,2,0.83592
13,2,0.8390099999999999
15,2,0.30556
18,2,0.85497
18,2,0.61002
16,3,0.6777599999999999
13,3,0.09058
13,2,0.5819
12,3,0.40163
16,2,0.33074
16,2,0.7308499999999999
17,3,0.88323
14,3,0.8238800000000001
16,2,0.91889
12,1,0.57247
10,2,0.14531
9,0,0.47644
9,0,0.14199
10,1,0.17277
15,1,0.31672
19,3,0.61451
18,2,0.52748
12,2,0.76424
13,3,0.3368
12,3,0.5684899999999999
17,2,0.35519
15,2,0.9218899999999999
9,3,0.26386
12,1,0.7811400000000001
12,1,0.39125
14,2,0.28894
14,1,0.21891
13,1,0.47872
12,2,0.8939100000000001
12,2,0.30508
14,3,0.3103
16,1,0.66357
12,2,0.9965600000000001
12,1,0.84136
12,1,0.80985
16,3,0.35741
13,1,0.61863
16,1,0.02258
12,1,0.8288599999999999
10,0,0.00892
16,2,0.44606999999999997
18,3,0.80684
19,2,0.9029900000000001
12,2,0.9081999999999999
18,2,0.2597
12,3,0.93718
11,1,0.15063000000000001
9,2,0.23803000000000002
12,1,0.31955
12,1,0.36832
10,2,0.00764
13,1,0.55855
11,1,0.45882
11,2,0.30856
12,2,0.12919
14,1,0.5745
16,1,0.2459
10,1,0.93703
10,2,0.43625
14,1,0.42601
14,2,0.3124
20,2,0.68552
10,3,0.34162
12,0,0.57429
12,1,0.30495
12,1,0.31709
7,1,0.19039
12,1,0.10958999999999999
16,2,0.8712099999999999
14,1,0.07475
14,1,0.11320000000000001
12,2,0.9416899999999999
14,1,0.9627500000000001
12,2,0.48686
12,1,0.15437
2,2,0.35023000000000004
13,2,0.77827
8,2,0.07575
12,2,0.17515
14,2,0.83691
12,1,0.13563
12,2,0.66508
14,3,0.72939
12,2,0.50727
12,3,0.43143
16,2,0.55907
16,2,0.38959000000000005
12,2,0.49101
14,2,0.75979
20,3,0.92301
13,2,0.7404999999999999
16,3,0.89321
16,3,0.74176
14,3,0.63134
13,0,0.024860000000000004
11,1,0.1375
14,2,0.25137
16,2,0.71226
9,2,0.16319
14,2,0.27976
14,3,0.7800400000000001
12,1,0.47078000000000003
16,3,0.8153400000000001
16,2,0.23068999999999998
14,1,0.08051
13,2,0.08263
12,3,0.88617
13,1,0.11115
14,3,0.87285
13,1,0.32655
12,3,0.9128499999999999
14,2,0.79631
14,2,0.92137
16,3,0.81812
18,3,0.50379
18,3,0.4446
16,2,0.8978
18,2,0.14372
15,2,0.71505
16,2,0.98665
12,1,0.42191
10,1,0.00501
10,0,0.6789000000000001
12,1,0.88535
14,2,0.5405
16,2,0.2076
14,3,0.98818
18,3,0.8889199999999999
18,2,0.86862
20,1,0.5416799999999999
12,2,0.5954200000000001
12,2,0.4012
17,1,0.42322000000000004
13,2,0.75689
16,2,0.92129
14,2,0.20403
14,3,0.8811100000000001
20,2,0.95695
16,2,0.08396
13,2,0.93375
17,3,0.8259799999999999
12,3,0.31579
12,3,0.62888
12,3,0.50061
12,2,0.39125
16,1,0.72417
12,2,0.84367
11,1,0.13311
12,1,0.27301
14,2,0.62671
8,1,0.35357999999999995
14,2,0.17146999999999998
13,1,0.29647
16,1,0.41862
12,1,0.11130000000000001
12,2,0.12616
12,3,0.26253
14,2,0.78584
13,2,0.41490000000000005
14,2,0.9107500000000001
13,3,0.9294499999999999
13,0,0.13008
11,3,0.81135
15,2,0.85212
12,2,0.21478999999999998
13,3,0.61108
18,2,0.96665
12,1,0.6757599999999999
12,2,0.36134
12,1,0.5884199999999999
11,1,0.10865
12,2,0.42156
16,3,0.7254200000000001
14,1,0.32487
16,3,0.42859
16,3,0.6240100000000001
17,3,0.9366800000000001
16,1,0.81868
12,3,0.98553
20,1,0.67176
16,3,0.9485899999999999
12,1,0.83918
12,2,0.07808
12,1,0.08673
13,1,0.6045900000000001
12,2,0.49333
16,2,0.30093
13,2,0.9848600000000001
14,3,0.45994
9,2,0.5467799999999999
9,2,0.6580800000000001
16,2,0.69506
12,2,0.51322
13,2,0.6513500000000001
14,2,0.26135
14,2,0.65507
12,1,0.04378
18,2,0.84526
14,1,0.7644199999999999
12,1,0.12799
12,1,0.53199
16,2,0.71759
17,2,0.82038
17,1,0.18692
16,2,0.61631
14,2,0.32271
16,3,0.97626
14,2,0.8116800000000001
14,1,0.54397
12,1,0.8206699999999999
12,2,0.22799
14,2,0.31974
14,2,0.9593200000000001
14,1,0.4978
14,2,0.8262900000000001
12,1,0.28553
14,2,0.6419
15,2,0.80289
14,3,0.73122
12,1,0.25535
16,2,0.7591
15,3,0.52442
15,2,0.85931
12,1,0.8635299999999999
14,1,0.76262
12,1,0.10888999999999999
14,2,0.20061
14,1,0.61613
12,2,0.43372
16,2,0.11417
16,1,0.72158
18,1,0.5179699999999999
10,2,0.59771
12,1,0.13484
7,1,0.06669
12,2,0.17571
12,2,0.48954000000000003
8,1,0.36333
11,1,0.052169999999999994
12,1,0.10214000000000001
18,3,0.86359
14,1,0.11266999999999999
13,2,0.7592300000000001
13,2,0.0013800000000000002
12,1,0.05513
12,1,0.28052
13,2,0.63984
14,2,0.94502
11,1,0.60706
12,2,0.04096
12,1,0.09221
12,3,0.85713
12,3,0.44898000000000005
13,2,0.48863999999999996
12,2,0.51333
12,1,0.05824
11,2,0.19265000000000002
14,2,0.50524
11,3,0.6068
12,1,0.17981000000000003
12,1,0.54165
13,2,0.33393
14,2,0.20271999999999998
18,1,0.8586
18,2,0.9797899999999999
14,2,0.68648
11,2,0.57196
11,2,0.44338
8,1,0.257
12,1,0.73929
14,1,0.13882
16,3,0.30634
12,3,0.66003
16,3,0.94489
14,3,0.50929
19,2,0.9211
12,1,0.32207
9,2,0.18019
9,2,0.23837
12,1,0.00612
11,2,0.08248
13,2,0.7049599999999999
14,3,0.49178
8,1,0.4253
10,2,0.34753
12,1,0.7176300000000001
10,2,0.07263
12,3,0.8974899999999999
12,2,0.28611000000000003
14,2,0.58256
16,2,0.96184
14,2,0.8667199999999999
14,1,0.047880000000000006
14,2,0.19140000000000001
14,2,0.07832
14,2,0.63904
14,3,0.9726
12,1,0.6706300000000001
12,1,0.48448
12,2,0.5519700000000001
11,1,0.51417
12,1,0.7345099999999999
15,1,0.6446500000000001
12,3,0.49927
12,1,0.24539999999999998
13,0,0.05653
13,2,0.30806
14,2,0.40155
12,1,0.23558
12,2,0.05908
12,3,0.7791899999999999
11,1,0.11377000000000001
16,3,0.85277
12,1,0.20572
12,2,0.45585000000000003
17,1,0.69099
13,1,0.19183
12,1,0.32051
12,2,0.32079
18,3,0.91167
12,2,0.79235
12,1,0.70455
12,1,0.40735
12,1,0.28389
12,3,0.84568
12,2,0.36408
12,3,0.78206
16,1,0.08275
13,3,0.34061
12,1,0
12,1,0.04392
16,3,0.14215999999999998
6,1,0.01732
6,0,0.024929999999999997
13,3,0.10672000000000001
12,2,0.56976
13,2,0.71841
16,2,0.72386
16,2,0.93719
13,1,0.15353
12,2,0.9929600000000001
16,3,0.46822
12,2,0.32982999999999996
12,2,0.43172
12,2,0.7210500000000001
13,2,0.48853
12,2,0.48611
16,2,0.83563
18,2,0.9519199999999999
14,3,0.88964
15,1,0.91959
12,2,0.02995
12,2,0.26896000000000003
14,2,0.63859
12,3,0.78098
8,1,0.3016
10,2,0.8089700000000001
14,1,0.07751999999999999
14,2,0.35340000000000005
12,2,0.31022
12,2,0.82895
10,0,0.0121
10,0,0.09246
14,2,0.45561
12,1,0.80175
12,3,0.81914
12,2,0.31636
13,2,0.76716
16,2,0.4817
16,2,0.82439
13,1,0.50945
11,2,0.62473
13,3,0.89509
12,2,0.7106399999999999
13,2,0.55552
12,1,0.30962
16,3,0.29708
9,1,0.17482
12,1,0.60022
12,2,0.98952
12,2,0.82357
12,1,0.17032
17,1,0.25528
13,1,0.22344
12,2,0.45177999999999996
10,2,0.20201
11,3,0.23440000000000003
12,0,0.02659
12,1,0.8160599999999999
11,1,0.02427
14,2,0.48261000000000004
13,3,0.19289
16,3,0.03086
12,2,0.13724999999999998
16,2,0.64508
7,1,0.7145999999999999
12,1,0.13411
12,3,0.13573000000000002
16,2,0.5687599999999999
16,3,0.9260200000000001
16,2,0.33198
12,3,0.01343
12,3,0.74177
18,2,0.98828
12,1,0.9140900000000001
12,2,0.21864
10,1,0.1813
12,1,0.67148
6,1,0.58523
6,1,0.12089
14,1,0.68903
12,2,0.52186
12,1,0.8253900000000001
12,1,0.48252
12,2,0.56414
12,2,0.24785000000000001
16,2,0.9654699999999999
12,2,0.82978
18,2,0.77743
13,3,0.46625
12,2,0.32394
18,2,0.81706
7,2,0.12912
12,2,0.38772
12,1,0.46165
12,1,0.66179
12,2,0.41165
16,2,0.99339
16,2,0.88666
16,2,0.67207
16,1,0.60285
14,1,0.91813
14,3,0.41066
12,3,0.08527
12,1,0.18530999999999997
11,2,0.08254
12,2,0.36402
13,1,0.35117
13,1,0.23471
12,1,0.33030000000000004
10,1,0.1516
10,2,0.01859
12,0,0.5283100000000001
12,2,0.65183
13,3,0.53321
12,2,0.43811
10,3,0.11862
10,3,0.16366
12,3,0.68961
12,1,0.9310200000000001
12,1,0.32081000000000004
12,1,0.10615000000000001
12,1,0.79171
12,2,0.7421500000000001
16,2,0.57236
16,3,0.7844
16,2,0.93318
12,2,0.7736
14,3,0.90887
15,2,0.7529399999999999
12,0,0.8409300000000001
14,2,0.42776000000000003
16,2,0.51116
14,2,0.6196699999999999
14,2,0.30889
16,2,0.8157099999999999
14,2,0.37832
12,2,0.2595
11,1,0.09832
12,3,0.28048
12,1,0.84416
18,3,0.96532
5,2,0.04063
14,2,0.96218
12,3,0.78622
9,2,0.20742999999999998
17,2,0.36625
16,2,0.42261000000000004
12,2,0.29818
12,2,0.89587
12,3,0.52247999999999994
16,2,0.56454
16,2,0.8812000000000001
12,3,0.55597
13,2,0.90384
14,3,0.81259
18,3,0.7711199999999999
13,2,0.9821599999999999
16,2,0.99676
13,1,0.82876
16,3,0.93986
14,2,0.7129300000000001
14,2,0.63039
12,1,0.13601000000000002
9,1,0.20579
9,1,0.08495
11,1,0.77643
8,2,0.647
9,2,0.20449
13,1,0.19315000000000002
6,1,0.45521999999999996
10,1,0.6881999999999999
12,2,0.49372
12,2,0.46246000000000004
11,1,0.43351999999999996
11,1,0.16924
10,2,0.04463
19,1,0.39274000000000003
19,2,0.03667
15,3,0.38865
14,2,0.62908
14,2,0.34548
9,1,0.01075
9,1,0.25237
13,2,0.57695
13,2,0.43084000000000006
13,2,0.5925699999999999
14,1,0.7273499999999999
15,2,0.29576
14,1,0.0075
14,1,0.018260000000000002
12,1,0.25193
12,1,0.31729
16,3,0.38432
16,2,0.37179
16,3,0.9359099999999999
14,3,0.65032
12,2,0.7125900000000001
12,2,0.7440399999999999
12,1,0.07178
16,2,0.59281
10,2,0.09679
11,2,0.09202
14,3,0.65669
16,2,0.9822299999999999
14,2,0.29248
20,2,0.6254
9,1,0.61436
12,2,0.08028
12,1,0.18758
16,2,0.0015
9,2,0.51174
14,2,0.34958
12,0,0.21051999999999998
8,1,0.1679
12,0,0.74375
13,2,0.73646
12,1,0.0208
11,0,0.11320999999999999
12,2,0.84858
16,3,0.97182
16,2,0.83369
12,2,0.61107
14,3,0.75681
20,3,0.3932
20,3,0.30333
18,3,0.81029
12,2,0.32072
18,2,0.52433
16,3,0.68434
13,3,0.08705
13,1,0.0381
13,1,0.34959
15,3,0.47445
12,2,0.82171
11,1,0.27681
12,2,0.8305500000000001
13,2,0.61544
18,2,0.94363
16,3,0.70541
14,3,0.93994
14,3,0.64384
20,3,0.9334
16,2,0.95997
20,3,0.95341
12,2,0.77427
12,2,0.42768
14,2,0.89089
14,3,0.7695799999999999
6,2,0.06841
12,2,0.13935
12,2,0.14174
17,2,0.46286
12,1,0.50063
16,2,0.99592
12,3,0.41646
12,1,0.51863
8,0,0.17202
12,1,0.24876
14,2,0.06287
12,1,0.36578000000000005
12,1,0.17522
9,1,0.10766999999999999
3,2,0.44099
13,2,0.06554
7,1,0.43345
7,1,0.11153
14,1,0.23712
10,1,0.08789999999999999
12,1,0.0126
6,0,0.00108
10,1,0.50869
12,1,0.12763
9,2,0.49688000000000004
9,2,0.56165
12,3,0.61275
14,2,0.62781
15,2,0.65445
13,1,0.12591
12,2,0.46271
12,2,0.8756900000000001
14,1,0.84104
17,3,1
12,1,0.38689999999999997
12,1,0.18143
11,2,0.038060000000000004
14,2,0.06198000000000001
11,1,0.34659
20,3,0.6938599999999999
14,3,0.8928
14,2,0.40458
4,3,0.87426
4,2,0.98151
16,2,0.62035
12,3,0.8669100000000001
10,2,0.38191
8,2,0.15872999999999998
12,3,0.47906999999999994
12,1,0.16113
14,2,0.28185
16,2,0.85536
12,1,0.49688000000000004
18,3,0.7518600000000001
14,2,0.17694
14,2,0.43512
13,1,0.6607999999999999
12,2,0.56884
12,1,0.29368
12,1,0.53564
12,2,0.04868
12,2,0.3207
14,2,0.38359000000000004
12,2,0.21946000000000002
14,2,0.46743
18,3,0.53504
12,1,0.7352299999999999
14,2,0.56513
14,2,0.78973
16,3,0.8471899999999999
14,1,0.36636
10,1,0.22722
16,2,0.67673
14,1,0.7958799999999999
20,3,0.1382
12,3,0.43992
14,2,0.63464
14,2,0.40814999999999996
12,3,0.94616
12,1,0.3048
16,2,0.6012
12,1,0.28247
16,2,0.69513
13,2,0.8371299999999999
13,1,0.5634899999999999
14,2,0.6819700000000001
12,0,0.5906199999999999
12,2,0.34218000000000004
14,1,0.75233
13,2,0.39832999999999996
14,1,0.46357
14,2,0.37239
13,2,0.07218
12,1,0.01376
15,2,0.18641
14,3,0.7471099999999999
13,0,0.35062
12,3,0.76741
12,2,0.39890000000000003
14,3,0.84844
12,2,0.55111
14,1,0.06391
14,2,0.6828700000000001
16,3,0.826
19,3,0.78117
19,2,0.68223
12,2,0.09679
12,2,0.31388
12,1,0.01735
14,3,0.9521999999999999
12,1,0.11567
11,2,0.49515
11,2,0.41851
14,1,0.34426
12,1,0.2126
13,2,0.55554
16,3,0.60777
11,0,0.61613
13,2,0.73036
14,2,0.40243
19,3,0.18576
15,2,0.70806
11,3,0.81336
3,2,0.29553
11,2,0.25145
13,2,0.36072000000000004
6,1,0.16433
14,1,0.85854
13,2,0.37418999999999997
4,2,0.46224
12,3,0.56102
11,3,0.72265
11,2,0.30796
13,3,0.98417
8,2,0.0014299999999999998
15,1,0.06639
13,3,0.52412
12,1,0.60387
14,1,0.36833
18,2,0.29088
13,2,0.061130000000000004
13,2,0.60238
17,3,0.9906900000000001
11,2,0.20076
9,1,0.00362
14,1,0.7630899999999999
12,2,0.25471
17,2,0.8409399999999999
12,2,0.5005299999999999
12,2,0.30552
12,2,0.42924
12,2,0.41927
14,3,0.7338800000000001
12,1,0.6715300000000001
12,1,0.19780999999999999
9,2,0.593
12,2,0.34419
14,3,0.96906
9,1,0.59057
14,3,0.73298
6,2,0.21164000000000002
12,1,0.06958
2,2,0.48138
12,1,0.45366
6,0,0.13435
12,2,0.52399
15,2,0.52219
16,3,0.56924
13,3,0.7721899999999999
14,2,0.59929
16,2,0.8195600000000001
13,3,0.37775
13,3,0.89023
14,2,0.6495399999999999
12,1,0.39886000000000005
11,3,0.57602
14,3,0.48725999999999997
12,2,0.68145
11,1,0.23489000000000002
11,1,0.5425800000000001
16,2,0.9086
18,2,0.62617
12,2,0.89008
20,3,1
14,2,0.9558
20,2,0.75651
14,2,0.978
14,3,0.77652
14,3,0.7873399999999999
12,1,0.7686700000000001
18,2,0.9593
16,3,0.9159099999999999
11,1,0.37738999999999995
12,1,0.53674
12,3,0.54946
12,2,0.23402
8,3,0.84073
8,3,0.9227
12,2,0.13324999999999998
12,2,0.15777
12,2,0.64711
13,2,0.47756
12,3,0.71887
17,3,0.85126
6,2,0.29988
12,3,0.6233
4,2,0.033530000000000004
17,3,0.97702
16,2,0.5507500000000001
16,2,0.52554
12,2,0.8161
8,2,0.02308
11,1,0.15170999999999998
13,3,0.55194
12,2,0.51127
12,2,0.03272
14,2,0.6468600000000001
14,2,0.87924
14,1,0.45857
12,2,0.91577
11,1,0.18097000000000002
12,3,0.35564999999999997
16,3,0.8044100000000001
10,2,0.47928
13,1,0.68585
18,3,0.47042
16,3,0.55872
11,2,0.06637
12,3,0.91625
12,2,0.71536
12,1,0.14504
14,2,0.79714
12,1,0.16852
14,1,0.52429
13,2,0.35599
12,2,0.63342
12,2,0.24335
12,3,0.8476600000000001
12,2,0.29173
12,2,0.84222
12,2,0.7451000000000001
12,1,0.64039
12,1,0.23419
12,1,0.5337299999999999
20,2,0.77125
12,2,0.21363
12,3,0.61519
12,2,0.88783
16,3,0.82774
20,3,0.05141
20,2,0.28963
12,2,0.49694000000000005
14,3,0.9154300000000001
12,3,0.6386999999999999
12,2,0.81403
12,3,0.12386
14,2,0.44704
10,1,0.20143
13,1,0.73855
12,2,0.30966
12,1,0.54763
13,2,0.58119
12,1,0.04842
12,1,0.33531999999999995
12,2,0.54452
12,2,0.42406
14,1,0.24136
17,2,0.5473899999999999
12,1,0.03453
12,2,0.15004
13,1,0.4111
13,2,0.36473999999999995
12,2,0.75798
12,2,0.7988599999999999
16,2,0.5827
16,2,0.6387700000000001
12,2,0.40587
18,2,0.24556
15,3,0.48261000000000004
12,3,0.6176200000000001
14,2,0.45228
12,1,0.6126400000000001
12,1,0.00767
12,1,0.51342
16,2,0.81451
16,2,0.23846
12,1,0.7318899999999999
14,2,0.39893
16,1,0.9674200000000001
14,2,0.14911
12,1,0.33624000000000004
18,2,0.48619999999999997
16,3,0.96512
12,3,0.05787
18,3,0.4619
16,3,0.08326
13,2,0.67472
10,2,0.05296
13,1,0.09783
13,1,0.6891700000000001
14,2,0.9903400000000001
16,2,0.5421
11,2,0.6126400000000001
12,1,0.33389
12,1,0.78687
12,1,0.33896
10,2,0.76912
8,2,0.48677
16,2,0.7512099999999999
16,2,0.98071
12,2,0.60897
12,2,0.72721
12,2,0.33769
12,2,0.8042400000000001
12,1,0.75354
14,1,0.26826
13,2,0.68568
14,2,0.5581900000000001
12,1,0.81808
12,1,0.038900000000000004
12,2,0.52667
12,1,0.86001
14,2,0.39487
12,1,0.36051
14,2,0.41298
14,1,0.06386
13,2,0.30851
15,2,0.44247
12,2,0.78865
12,1,0.40776
12,2,0.24224
16,3,0.93459
16,3,0.71493
14,3,0.7726000000000001
12,2,0.07306
12,2,0.7729300000000001
12,1,0.21242999999999998
12,1,0.62053
15,2,0.69242
15,2,0.7259399999999999
13,2,0.50888
12,2,0.6297
11,2,0.29925
16,2,0.93817
16,3,0.8816200000000001
12,2,0.95919
12,2,0.6856399999999999
12,1,0.70869
18,3,0.97368999999999994
18,3,0.64603
18,3,0.24318
12,3,0.46275
16,2,0.40428
19,3,0.74335
12,2,0.08921
12,2,0.95747
13,2,0.90283
12,3,0.8996500000000001
16,2,0.86881
16,3,0.94139
12,3,0.26882
14,3,0.8556
14,2,0.50554
12,1,0.79999
12,1,0.22164
12,1,0.1207
12,2,0.85882
14,1,0.49666
12,1,0.70628
12,1,0.20138
12,2,0.25121
18,3,0.15353999999999998
18,2,0.78023
16,3,0.9195
16,3,0.9925700000000001
14,1,0.04507
12,2,0.51463
12,1,0.24495999999999998
18,3,0.8488
14,2,0.77961
12,1,0.42654000000000003
14,1,0.64225
13,2,0.38756999999999997
13,3,0.36074
14,2,0.5794400000000001
16,2,0.63263
15,3,0.69955
12,3,0.35417000000000004
12,1,0.37756999999999996
12,1,0.11382999999999999
8,1,0.14007
8,2,0.01668
14,1,0.40407
8,0,0.02748
14,1,0.43912999999999996
15,1,0.89144
9,1,0.09715
12,2,0.029009999999999998
16,2,0.42699
12,1,0.63137
12,2,0.41667000000000004
12,2,0.9591200000000001
16,1,0.8986799999999999
9,1,0.62253
12,2,0.57404
5,1,0.70747
12,2,0.26289999999999997
14,1,0.52158
9,2,0.47481
13,3,0.18181999999999998
12,1,0.78271
16,1,0.99358
16,1,0.77974
12,1,0.51223
10,1,0.55934
14,3,0.40717
14,2,0.52789
14,2,0.6262
12,1,0.59877
17,2,0.7206999999999999
12,2,0.88299
12,2,0.52689
12,1,0.20887
12,2,0.43093000000000004
13,2,0.71055
13,2,0.83148
16,2,0.9250400000000001
12,2,0.65715
18,1,0.78762
12,0,0.7619
12,2,0.32494
14,2,0.5180400000000001
12,2,0.32831000000000005
13,1,0.6992499999999999
14,3,0.85553
14,2,0.51731
8,0,0.01439
10,1,0.37807
16,1,0.73444
13,2,0.69813
13,3,0.7049
12,2,0.12337999999999999
16,2,0.38264000000000004
14,3,0.8744
13,1,0.38775
12,3,0.91232
13,2,0.45147
12,1,0.32302
16,2,0.76267
14,1,0.6507999999999999
16,2,0.64457
16,2,0.58951
20,2,0.69608
20,2,0.5075999999999999
13,2,0.3053
14,2,0.43784
16,2,0.70706
12,1,0.43557
12,2,0.51237
14,2,0.76006
14,2,0.36307
8,3,0.23101
12,1,0.19493
12,2,0.65459
18,2,0.17721
12,2,0.49427
12,1,0.09153
9,1,0.59568
9,1,0.85681
12,1,0.87807
17,3,0.47476999999999997
12,2,0.7047100000000001
14,2,0.72886
12,1,0.39456
12,1,0.63112
12,1,0.7418
12,2,0.5847
12,1,0.39779000000000003
12,1,0.23479
12,2,0.20045000000000002
12,2,0.50412
12,1,0.16956
12,2,0.12848
12,2,0.34393999999999997
13,2,0.35625
12,2,0.25318999999999997
12,1,0.2869
17,2,0.99351
12,1,0.37544
12,1,0.53834
14,2,0.73818
14,2,0.8345199999999999
14,3,0.24992
14,2,0.35475999999999996
10,2,0.36987000000000003
10,1,0.27257000000000003
12,3,0.8076000000000001
13,2,0.21373
12,3,0.17906
16,2,0.5698
12,1,0.73457
12,1,0.71931
12,2,0.25489
12,2,0.21982
12,1,0.28442
13,1,0.10622
12,1,0.27708
12,1,0.21367
12,2,0.15929000000000001
9,1,0.19196000000000002
11,3,0.36534
12,0,0.8719899999999999
10,2,0.23486
12,1,0.8057500000000001
12,2,0.63413
12,1,0.41185000000000005
12,1,0.65728
9,1,0.7409699999999999
12,2,0.332
10,1,0.41159999999999997
12,1,0.36884999999999996
14,3,0.78348
12,1,0.35389000000000004
12,2,0.49449
12,1,0.4238
12,3,0.27716
17,3,0.96626
12,3,0.88631
13,2,0.93837
12,1,0.35799
12,3,0.93711
10,1,0.0028100000000000004
10,2,0.21406
11,1,0.56087
11,0,0.05006
13,1,0.6684300000000001
12,1,0.08281000000000001
18,3,0.03543
12,2,0.14314
12,1,0.62467
13,1,0.55965
12,2,0.29879
14,1,0.5979
14,2,0.33982999999999997
8,1,0.5843200000000001
12,1,0.38797
7,2,0.14849
12,1,0.43564
17,2,0.6917300000000001
14,2,0.14754
7,1,0.00893
9,2,0.60772
13,0,0.12664
12,1,0.03279
12,1,0.23571
12,2,0.22774
10,2,0.50883
12,1,0.44283
16,3,0.76425
16,2,0.48117
17,2,0.60831
11,1,0.43971
12,2,0.7743099999999999
12,1,0.01924
12,2,0.22829999999999998
14,1,0.42899
11,2,0.08605
13,2,0.23908000000000001
12,3,0.51707
12,2,0.28106000000000003
12,2,0.7879600000000001
12,2,0.68093
12,2,0.6198400000000001
9,2,0.0711
14,2,0.42200000000000004
14,3,0.93435
18,3,0.60376
16,2,0.47085
12,2,0.39561999999999997
13,3,0.27082999999999996
12,2,0.25733
12,2,0.31956
10,2,0.50032
7,1,0.03773
7,2,0.05264
11,2,0.24969000000000002
12,2,0.42796999999999996
12,2,0.3678
12,1,0.28087
15,2,0.79214
9,0,0.31427
12,1,0.29236999999999996
18,2,0.61875
15,3,0.18844999999999998
11,1,0.22175999999999998
11,1,0.05848
11,1,0.3131
12,1,0.1681
8,1,0.02005
8,1,0.00844
12,2,0.17434000000000002
10,3,0.058739999999999994
11,2,0.32988999999999996
9,2,0.03956
10,0,0.20382999999999998
10,3,0.03634
12,2,0.25709
12,2,0.86366
12,1,0.31384
12,3,0.60091
12,2,0.6298400000000001
12,3,0.5160399999999999
8,2,0.29464
14,1,0.37228
12,2,0.16123
14,2,0.39885
16,2,0.5386099999999999
12,1,0.27565
16,1,0.16655
16,2,0.51488
11,1,0.45439
9,1,0.12863
14,2,0.25586
16,1,0.5879800000000001
11,2,0.04127
13,3,0.57991
11,0,0.04933
11,1,0.010049999999999998
17,1,0.3804
16,1,0.79046
14,3,0.27605
14,2,0.7280200000000001
14,2,0.01433
14,3,0.16038
13,2,0.033769999999999994
12,0,0.15245
12,2,0.59212
13,2,0.06117
13,1,0.026160000000000003
11,1,0.0253
11,0,0.04429
11,1,0.095
12,1,0.0048
12,1,0.18159
12,1,0.10948000000000001
14,1,0.50896
13,1,0.20212
18,2,0.63464
18,2,0.8084399999999999
16,3,0.5081600000000001
12,0,0.23535
11,0,0.07615
12,1,0.047119999999999995
12,2,0.0169
9,1,0.05941
12,2,0.30219999999999997
12,3,0.61758
12,2,0.29922
11,1,0.91935
16,3,0.80267
15,2,0.57064
9,2,0.7492
12,1,0.08571
14,2,0.12699
12,1,0.73681
17,2,0.49456000000000006
14,2,0.78834
16,3,0.95312
14,2,0.69038
16,1,0.46970999999999996
10,1,0.5017499999999999
10,1,0.18223
13,1,0.8131100000000001
13,1,0.14553000000000002
14,2,0.08481999999999999
16,2,0.73087
12,1,0.19904
12,2,0.37963
14,1,0.1724
16,2,0.42199
14,2,0.6422
14,3,0.6545300000000001
12,2,0.58351
12,1,0.23190999999999998
10,0,0.02596
12,1,0.14629
12,1,0.24829
14,1,0.12917
12,2,0.27547
12,1,0.29600000000000004
12,1,0.31964
12,3,0.17762
12,2,0.55006
14,1,0.80745
14,1,0.7461
14,1,0.41381999999999997
13,1,0.18055
12,1,0.62671
11,1,0.39319000000000004
14,2,0.37494
12,2,0.23181000000000002
8,2,0.24414000000000002
10,2,0.21306999999999998
13,1,0.59006
16,2,0.16297
12,1,0.08715
12,2,0.32311
14,2,0.45596
14,2,0.33141
12,2,0.63365
17,2,0.41186
12,3,0.19438
12,3,0.09398999999999999
13,2,0.11402
12,1,0.14622
12,0,0.41673000000000004
12,3,0.44597000000000003
12,2,0.10521000000000001
11,1,0.18651
11,1,0.12143000000000001
12,1,0.1503
12,3,0.5147200000000001
18,3,0.79098
18,3,0.79187
12,2,0.56481
11,0,0.15378999999999998
11,2,0.03951
16,2,0.36973
9,1,0.0219
12,3,0.5214099999999999
17,2,0.98003
12,0,0.09086999999999999
16,3,0.6992100000000001
12,2,0.18636
7,1,0.22458999999999998
14,2,0.32865
12,1,0.45939
8,1,0.77779
12,1,0.68913
11,2,0.34688
12,2,0.58315
11,2,0.53938
14,3,0.77
11,2,0.44557
6,1,0.12315
6,0,0.17371999999999999
6,1,0.0774
5,2,0.38427
5,2,0.34123
2,1,0.16646999999999998
2,1,0.11921
12,2,0.53412
12,2,0.8279099999999999
12,1,0.7033400000000001
12,2,0.7926000000000001
12,1,0.21466000000000002
12,2,0.36271000000000003
15,2,0.06269
15,1,0
13,1,0.37832
15,2,0.15702
12,2,0.8923000000000001
16,3,0.9162399999999999
15,2,0.30063
14,2,0.37701999999999997
12,1,0.37416
12,1,0.5977
12,1,0.13853
11,0,0.08849
11,0,0.00508
9,1,0.56687
9,1,0.55777
14,3,0.36787
13,2,0.64904
12,3,0.6929099999999999
10,1,0.38475000000000004
9,1,0.16587
8,1,0.20632999999999999
13,1,0.5290699999999999
12,1,0.34326
18,2,0.89236
12,1,0.48220999999999997
12,2,0.40468000000000004
13,3,0.97717
13,3,0.8950199999999999
13,3,0.6040800000000001
16,2,0.6556399999999999
12,0,0.11393
13,2,0.6544599999999999
12,1,0.58721
12,2,0.9084399999999999
10,1,0.12505
12,1,0.65828
12,2,0.37704
12,3,0.90937
12,1,0.47942
16,2,0.8815000000000001
10,2,0.25187000000000004
12,2,0.24033000000000002
12,2,0.015269999999999999
12,1,0.12231
12,2,0.16693000000000002
12,1,0.57237
12,2,0.18186
12,1,0.50897
12,3,0.6616500000000001
12,3,0.19963999999999998
12,1,0.8422
14,3,0.6224000000000001
12,2,0.12180999999999999
12,2,0.5844
15,3,0.75587
12,1,0.12037
16,2,0.77618
12,1,0.12677
14,1,0.6811499999999999
18,3,0.80364
16,2,0.9539700000000001
20,3,0.91283
18,2,0.8631699999999999
18,2,0.99558
18,2,0.8754500000000001
16,2,0.35874
14,2,0.92548
18,1,0.12956
20,3,0.87645
18,3,0.5453600000000001
16,2,0.90491
16,3,0.43372999999999995
20,2,0.94485
18,3,0.6315
18,3,0.61059
19,2,0.85565
17,2,0.90631
14,1,0.66636
12,1,0.14028000000000002
12,1,0.30203
12,1,0.6957899999999999
16,1,0.77561
13,2,0.48453
12,1,0.38571
18,2,0.9560200000000001
12,3,0.2584
12,1,0.29038
12,1,0.06578
12,0,0.06033
14,3,0.4711
16,2,0.45918
16,2,0.49481
16,2,0.39813000000000004
16,2,0.8409
14,2,0.8867100000000001
12,2,0.9812000000000001
11,2,0.3031
15,2,0.51788
17,2,0.66515
14,3,0.9079900000000001
14,2,0.8470799999999999
18,2,0.48652
16,3,0.95526
12,2,0.01863
15,3,0.92791
16,2,0.54396
12,2,0.6634099999999999
12,3,0.31333
12,1,0.6747700000000001
16,3,0.63756
14,2,0.15953
16,2,0.60933
16,2,0.18460000000000001
16,1,0.35703
16,2,0.12961999999999999
12,1,0.32799999999999996
12,3,0.9868600000000001
9,1,0.31559000000000004
12,1,0.053230000000000006
8,1,0.8622
12,2,0.92971
13,3,0.9007599999999999
12,2,0.44193
11,3,0.50305
16,3,0.82402
12,2,0.56285
14,1,0.38165999999999994
12,1,0.65142
9,1,0.66582
16,2,0.5331
16,1,0.28098
14,2,0.59631
16,2,0.50315
9,2,0.27835
14,2,0.8588
8,2,0.5295000000000001
14,3,0.66059
16,2,0.8069700000000001
12,2,0.7735599999999999
13,2,0.49180999999999997
12,3,0.7569
12,2,0.60029
13,3,0.73115
13,3,0.41555
13,2,0.68572
12,2,0.2516
16,2,0.81026
16,3,0.8704500000000001
12,3,0.8796599999999999
10,3,0.54481
12,1,0.40755
16,3,0.87381
12,1,0.48105
13,2,0.79962
13,2,0.98824
14,3,0.81785
14,2,0.5478999999999999
14,1,0.08524
14,3,0.5936
14,1,0.20247
13,2,0.81727
12,2,0.93379
16,3,0.79657
12,2,0.06838
12,2,0.28879
13,1,0.43743000000000004
14,1,0.1574
14,1,0.10913
9,1,0.6830200000000001
11,1,0.9006799999999999
11,1,0.21572
14,3,0.36508
14,2,0.47008000000000005
15,2,0.60152
10,2,0.03755
16,2,0.033769999999999994
16,2,0.10597
11,2,0.5972
11,2,0.21114999999999998
16,3,0.48758
12,2,0.54496
17,2,0.32866999999999996
17,1,0.09507
16,2,0.68378
13,2,0.40304
12,2,0.43416
16,1,0.6761400000000001
12,2,0.95298
12,2,0.68256000000000006
17,2,0.92297
20,2,0.21591000000000002
13,2,0.45568
14,2,0.5142
16,2,0.45901000000000003
16,2,0.46527999999999997
12,1,0.09322
13,2,0.07256
14,2,0.20037
12,2,0.6692400000000001
13,2,0.53425
14,2,0.28166
16,2,0.49174
14,2,0.09555999999999999
20,2,0.95663
14,2,0.08395
16,2,0.44719000000000003
13,2,0.32656999999999997
17,2,0.74328
12,1,0.413
12,2,0.71787
12,1,0.30232
12,1,0.56891
14,2,0.23982
14,1,0.22091999999999998
9,1,0.24824000000000002
12,2,0.7237300000000001
12,2,0.86559
10,3,0.29971
12,1,0.54583
12,2,0.19591
15,2,0.41084000000000004
15,2,0.22010000000000002
14,2,0.08742000000000001
11,2,0.14693
11,2,0.06877
16,1,0.5505
12,1,0.79364
8,2,0.037000000000000005
6,2,0.13362
6,1,0.10669000000000001
6,1,0.16861
5,1,0.3299
13,1,0.0739
6,1,0.53508
11,1,0.12412000000000001
3,1,0.22721
4,1,0.4213
6,2,0.24129
14,2,0.5199199999999999
14,2,0.07007
4,0,0.04658
4,2,0.10674
8,0,0.21685
6,1,0.11349999999999999
12,2,0.44158000000000003
12,1,0.3763
12,3,0.48962000000000006
6,1,0.19114
2,1,0.14727
5,0,0.29864
5,0,0.11736
6,1,0.05976
6,1,0.0041199999999999995
8,1,0.09048
6,2,0.87816
2,1,0.13858
2,1,0.24591000000000002
6,1,0.8012
10,2,0.48033000000000003
12,2,0.40503
12,1,0.39763
8,1,0.50759
10,2,0.6133700000000001
10,2,0.28521
12,2,0.14335
12,2,0.45629
12,2,0.67911
14,1,0.72309
4,1,0.01606
6,1,0.14038
6,1,0.52127
6,1,0.27266999999999997
6,1,0.04003
3,3,0.56012
12,2,0.19418
17,2,0.45352
8,2,0.07612000000000001
8,1,0.42658999999999997
8,1,0.14160999999999999
9,1,0.07661
5,1,0.25409
5,1,0.05045
10,2,0.10728
13,1,0.0028000000000000004
8,1,0.30673
10,1,0.19718
14,3,0.42918
12,2,0.11219
13,2,0.09396
13,1,0.39812
13,1,0.02606
7,2,0.28282
9,1,0.16274999999999998
12,1,0.48727
6,1,0.12628999999999999
10,1,0.23315999999999998
12,2,0.12147999999999999
6,1,0.25852
6,0,0.008409999999999999
12,1,0.13665
5,2,0.07911
14,2,0.46868000000000004
12,1,0.30639
12,2,0.37229999999999996
12,1,0.5193
12,1,0.53114
12,1,0.006840000000000001
6,2,0.13673
11,2,0.10565
11,2,0.21942
12,3,0.06529
9,0,0.34909999999999997
14,2,0.65666
16,1,0.64898
13,1,0.27214
15,2,0.08391
15,1,0.17602
13,3,0.044950000000000004
12,1,0.08070000000000001
12,2,0.07135
11,1,0.3042
12,1,0.1607
10,2,0.20990999999999999
10,1,0.33494999999999997
10,2,0.14826
12,3,0.16169
14,3,0.59311
12,2,0.31626
15,3,0.20729
11,3,0.20693
12,2,0.45856
12,2,0.42752
12,1,0.19343
17,1,0.29342
10,2,0.48502
8,1,0.27821999999999997
2,1,0.16979
15,1,0.24322
14,2,0.23361
12,2,0.0771
6,1,0.14416
2,1,0.09356999999999999
3,1,0.08567
6,1,0.34612000000000004
12,0,0.45543
16,3,0.44208
9,1,0.47113999999999995
14,2,0.37098
14,2,0.30288
18,2,0.9922
14,1,0.25915
12,1,0.14679
16,1,0.64323
12,1,0.45045999999999997
12,2,0.36782
8,1,0.10103
8,1,0.07393
8,2,0.16951
15,2,0.09797
6,1,0.023540000000000002
9,3,0.15469
14,2,0.43394
12,1,0.11865
12,1,0.10891999999999999
13,1,0.1325
9,1,0.13497
10,2,0.10487
11,1,0.46134000000000003
11,1,0.04215
11,2,0.7094499999999999
17,2,0.29024
12,1,0.31194
12,2,0.40192999999999995
9,2,0.19689
12,1,0.51448
12,2,0.77187
7,1,0.13052
12,1,0.19192
14,1,0.62088
12,2,0.00937
12,2,0.34075000000000005
12,2,0.58462
12,1,0.6727200000000001
12,0,0.25811
13,2,0.84295
12,1,0.21030000000000001
15,1,0.41089
16,2,0.48915
16,1,0.20822
16,2,0.7393899999999999
9,1,0.37031
12,2,0.26518
12,1,0.7199500000000001
16,2,0.73717
12,1,0.042039999999999994
12,2,0.10987999999999999
9,1,0.20381
12,2,0.49206000000000005
10,2,0.39667
8,2,0.68766
10,1,0.69563
10,1,0.14359
12,3,0.67766
17,3,0.72274
16,2,0.5531900000000001
14,1,0.62259
12,2,0.31345
11,2,0.53927
17,2,0.8520699999999999
12,1,0.05745
12,1,0.07563
11,1,0.10823
11,1,0.23034
16,1,0.18524000000000002
14,2,0.65853
15,2,0.0692
9,3,0.03123
11,2,0.1354
11,1,0.06431
12,1,0.6606799999999999
7,1,0.47247999999999996
6,2,0.12517
14,2,0.42392
14,1,0.10273
12,0,0.27510999999999997
12,1,0.1536
14,3,0.7494
18,2,0.39338
20,2,0.14343
12,2,0.19829999999999998
14,2,0.24878
12,1,0.09939999999999999
12,1,0.1791
12,1,0.71261
8,2,0.0227
18,2,0.63692
16,3,0.22989
8,1,0.30297999999999997
16,2,0.6508400000000001
16,2,0.48837
8,0,0.16506
11,1,0.52899
6,1,0.5642
11,2,0.50643
12,1,0.7207399999999999
13,3,0.29003
5,1,0.24998
12,1,0.01134
12,0,0.19855
5,3,0.41393
11,1,0.05113
12,2,0.31062999999999996
14,1,0.41587
12,3,0.19963999999999998
12,1,0.045259999999999995
12,1,0.03397
14,1,0.01646
14,1,0.10343
12,2,0.54711
12,1,0.05939
12,2,0.27405
12,1,0.045279999999999994
13,1,0.37492
11,2,0.057249999999999995
11,2,0.28191
15,1,0.1663
12,1,0.6183299999999999
13,2,0.38998
13,1,0.36939
12,1,0.67286
16,1,0.30097999999999997
16,3,0.41312
8,3,0.7042
12,1,0.05226
14,2,0.17737999999999998
20,3,0.49089
12,1,0.20196999999999998
12,1,0.00475
12,1,0.0757
12,2,0.32328
16,3,0.47372
16,2,0.42198
12,1,0.30648
12,1,0.39578
12,1,0.46004
11,3,0.18953
11,2,0.66306
14,2,0.24447
10,1,0.25593
8,1,0.10404
12,2,0.10791
12,1,0.09340999999999999
11,1,0.29702
12,1,0.57984
10,1,0.28131
11,0,0.17934999999999998
6,1,0.15582000000000001
14,1,0.29434
11,1,0.056459999999999996
9,2,0.07043
7,1,0.12537
12,1,0.34924999999999995
8,2,0.00156
8,1,0.05178
12,1,0.08159000000000001
12,2,0.17122
12,0,0.11052
12,2,0.20036
12,2,0.03642
16,1,0.19465
16,2,0.3159
12,1,0.41914999999999997
12,1,0.5107200000000001
12,2,0.25614000000000003
14,2,0.46537999999999996
12,1,0.35292
12,1,0.006
12,0,0.10972
12,1,0.33269
13,2,0.0906
12,0,0.22636
11,1,0.048940000000000004
12,1,0.20861999999999997
14,2,0.2434
13,2,0.27832999999999997
12,1,0.20594
14,2,0.19598
12,2,0.66137
6,1,0.15716
12,1,0.14048
12,1,0.33043
12,2,0.32215000000000005
12,2,0.16391999999999998
15,1,0.66353
11,1,0.01294
3,1,0.07773
6,1,0.07473
4,0,0.26945
3,1,0.20265
3,1,0.38142000000000004
7,2,0.00898
12,0,0.01165
8,1,0.23806999999999998
10,1,0.8145399999999999
7,1,0.23778
12,2,0.45854
4,2,0.14427
5,1,0.11647
9,1,0.018009999999999998
14,1,0.23706
13,1,0.56154
4,0,0.053899999999999997
4,1,0.63176
9,0,0.04982
9,0,0.17513
11,1,0.29888000000000003
4,1,0.0054800000000000005
12,1,0.12381
4,1,0.17396999999999999
12,1,0.16908
8,1,0.16018999999999997
10,1,0.26811
12,2,0.47670999999999997
14,3,0.86127
12,1,0.31848
10,0,0.46027999999999997
15,3,0.0409
15,2,0.23844
6,2,0.73417
3,2,0.8304699999999999
3,3,0.35901000000000005
12,1,0.3724
6,2,0.00228
6,2,0.30452999999999997
11,3,0.42507
6,1,0.9012300000000001
6,2,0.39909
11,1,0.10237
11,1,0.17783000000000002
3,1,0.37177
12,2,0.51019
12,2,0.37040999999999996
15,3,0.17392
14,2,0.31842
2,2,0.07522000000000001
12,1,0.44787999999999994
14,1,0.26995
8,1,0.09988
16,3,0.04332
16,2,0.50181
14,2,0.39539
14,2,0.43844
15,1,0.18545999999999999
16,2,0.29719999999999996
12,1,0.53672
3,2,0.7253000000000001
5,1,0.13369
6,1,0.3395
6,1,0.39061
12,2,0.53996
13,2,0.90578
13,2,0.39389
13,2,0.7693000000000001
9,1,0.059669999999999994
9,1,0.06364
9,2,0.28864
12,1,0.50082
14,1,0.40323
12,1,0.6082500000000001
14,1,0.16021000000000002
17,1,0.6728799999999999
11,2,0.014410000000000001
12,2,0.00493
12,1,0.22649999999999998
14,2,0.027679999999999996
14,2,0.59006
14,2,0.45257
16,1,0.42612
12,2,0.30345
13,2,0.061399999999999996
12,3,0.0842
12,0,0.0253
16,1,0.24728999999999998
14,3,0.8625499999999999
13,1,0.9077200000000001
14,2,0.10666
12,3,0.47512
12,1,0.00135
10,1,0.11228999999999999
16,1,0.11715999999999999
10,2,0.02775
11,2,0.01284
10,1,0.14733000000000002
10,1,0.06724000000000001
17,2,0.67974
11,1,0.54497
12,2,0.53553
12,2,0.19437000000000001
14,2,0.26567
13,2,0.44104
12,1,0.013839999999999998
11,2,0.30138000000000004
11,1,0.07295
13,2,0.16969
12,2,0.16696000000000003
12,1,0
14,1,0.5028900000000001
14,1,0.16561
12,1,0.05811
12,1,0.11254
8,0,0.0195
8,1,0.020790000000000003
11,2,0.34026
11,2,0.09893
12,2,0.12406
12,0,0.059669999999999994
11,1,0.10906
9,3,0.0645
12,1,0.01998
10,1,0.12182
12,1,0.14901
16,2,0.13615
9,1,0.16524
12,1,0.04202
10,0,0.07063
10,0,0.2468
12,1,0.2682
12,2,0.018799999999999997
12,1,0.16078
12,1,0.39937
12,1,0.00553
13,1,0.27691
12,2,0.10961
16,1,0.22594
14,3,0.37156999999999996
16,3,0.47265
16,3,0.80247
12,1,0.27960999999999997
12,1,0.44587000000000004
10,1,0.21055
10,1,0.31727
11,1,0.07065
12,1,0.37222
12,2,0.77742
12,1,0.02138
12,0,0.3215
12,1,0.10375
14,1,0.09169000000000001
12,3,0.16329000000000002
12,2,0.21205
12,1,0.022080000000000002
12,0,0.05223
10,1,0.08119
14,2,0.31159
12,0,0.09536
12,0,0.05606
14,1,0.38279
14,2,0.25578
16,2,0.74012
12,2,0.45864
15,3,0.5274300000000001
13,2,0.29359999999999997
8,1,0.29510000000000003
14,2,0.24899000000000002
14,0,0.0015
12,2,0.14759
12,2,0.59583
14,2,0.23248999999999997
13,1,0.15466
12,1,0.0787
11,1,0.01661
11,1,0.11471999999999999
10,2,0.06683
14,1,0.43981000000000003
10,1,0.46609
10,1,0.40136000000000005
10,1,0.48523000000000005
11,1,0.0596
12,1,0.10177
12,2,0.08578
13,1,0.6954699999999999
16,3,0.28413
10,2,0.02659
12,1,0.17087
12,1,0.00385
14,2,0.08616
13,2,0.40393999999999997
12,1,0.01966
12,3,0.75453
12,3,0.26175
12,3,0.1642
14,3,0.16508
16,2,0.91113
13,1,0.69753
14,2,0.86516
13,2,0.27322
10,2,0.38058
12,1,0.46930999999999995
12,3,0.20511
12,2,0.11868000000000001
12,2,0.24204
12,1,0.12148999999999999
7,2,0.24597000000000002
6,1,0.12541
14,1,0.51261
12,1,0.22809000000000001
15,3,0.22920000000000001
12,1,0.13677
10,0,0.17826
12,1,0.34458
11,1,0.38291
11,1,0.32598
6,0,0.06682
6,1,0.08007999999999998
16,1,0.22416
11,1,0.18167999999999998
12,1,0.16133
14,1,0.48173
14,1,0.04335
10,0,0.05493000000000001
12,1,0.11831
12,2,0.05416000000000001
16,3,0.40863999999999995
11,1,0
11,1,0.55132
11,1,0.11839000000000001
12,2,0.66274
15,1,0.46797
12,3,0.13285
16,1,0.15621000000000002
11,1,0.10045
9,1,0.12016
12,1,0.44694
14,1,0.01141
9,1,0.42635
11,2,0.10267
14,1,0.00822
11,1,0.01098
11,2,0.02007
12,2,0.27904
16,1,0.13548
12,3,0.6742199999999999
14,1,0.44982
12,2,0.29762
12,2,0.04484
11,1,0.6403
13,2,0.13799
15,1,0.11143
11,0,0.07046999999999999
9,0,0.09949999999999999
12,2,0.28105
12,1,0.54789
12,1,0.05697
10,1,0.056740000000000006
12,2,0.68089
12,3,0.24446
8,2,0.98937
14,3,0.6598900000000001
6,1,0.33623
15,2,0.7647799999999999
15,2,0.40622
14,2,0.72124
15,1,0.07855000000000001
12,2,0.65143
12,1,0.24420999999999998
12,1,0.10071
12,1,0.28493999999999997
12,1,0.43345
9,1,0.19131
9,1,0.10839
7,1,0.22587
12,2,0.05542
13,2,0.46756
13,2,0.62844
5,2,0.09931
10,1,0.02477
8,2,0.44880000000000003
12,1,0.15755
5,1,0.0053
16,0,0.31875
10,3,0.05389
10,2,0.08907999999999999
17,2,0.38435
6,1,0.37955
12,1,0.17112
6,2,0.59484
12,2,0.032549999999999996
12,1,0.34578000000000003
12,3,0.85028
12,2,0.20823
14,3,0.53384
12,1,0.30014
12,1,0.17238
12,2,0.18785
9,1,0.11889
13,1,0.3411
12,1,0.7001000000000001
13,1,0.52296
11,2,0.05524
14,1,0.48895000000000005
14,1,0.7014199999999999
16,2,0.40499
11,1,0.07179
11,2,0.03403
16,2,0.02254
11,1,0.26098
11,2,0.06194
16,2,0.2114
18,2,0.6331
13,2,0.29021
15,2,0.08997999999999999
12,2,0.19547
12,3,0.83706
11,1,0.31775
11,0,0.32281
14,2,0.56526
12,1,0.41473999999999994
12,1,0.06046
12,2,0.46027999999999997
9,2,0.38436
12,1,0.8942700000000001
11,2,0.01014
11,2,0.08103999999999999
13,2,0.30486
12,3,0.51851
17,2,0.8442000000000001
12,1,0.47584000000000004
12,2,0.37008
12,1,0.01734
12,1,0.02427
12,2,0
10,1,0.99176
11,1,0.17648
16,1,0.97578
16,2,0.95621
16,2,0.66302
16,1,0.24822
9,2,0.026099999999999998
12,2,0.28331
12,2,0.29336
10,2,0.7277800000000001
10,1,0.11683
12,2,0.38443
12,1,0.28367000000000003
10,2,0.21795
13,1,0.24846000000000001
16,2,0.11560000000000001
15,2,0.01784
14,1,0.21789000000000003
14,1,0.16219
14,3,0.41595999999999994
12,1,0.29185
12,1,0.22993
12,1,0.6982599999999999
12,3,0.6554000000000001
14,2,0.5310900000000001
12,2,0.14896
12,3,0.07432
12,3,0.0635
12,1,0.053529999999999994
12,1,0.020579999999999998
12,2,0.015349999999999999
12,0,0.09799
12,2,0.061340000000000006
12,1,0.56256
12,1,0.26728
8,1,0.11202999999999999
8,0,0.26899999999999996
12,1,0.12805999999999998
9,0,0.22874
14,3,0.7534399999999999
12,2,0.03842
10,0,0.01964
10,1,0.10403000000000001
11,1,0.21898
12,1,0.36091999999999996
12,1,0.10523999999999999
10,2,0.7202500000000001
5,1,0.12689
14,1,0.29488
10,2,0.18936
12,1,0.18031
15,1,0.6829999999999999
9,1,0.02218
12,1,0.07403
12,1,0.05066
15,1,0.43494
12,2,0.41439
16,3,0.48972
8,1,0.60267
8,2,0.13974999999999999
8,1,0.19786
12,2,0.59509
12,2,0.049100000000000005
8,1,0.12372
12,1,0.32018
12,2,0.29784
12,1,0.045579999999999996
12,2,0.18685
12,2,0.13929
12,1,0.44454
12,1,0.15447
12,1,0.24288
14,1,0.14025
12,1,0.27679
9,2,0.31032
12,2,0.2752
14,1,0.18727
16,2,0.8920699999999999
13,3,0.24704
10,2,0.09481
10,2,0.25773
12,1,0.11177
11,1,0.22668
12,1,0.2045
19,3,0.6316700000000001
14,2,0.01714
16,1,0.57875
12,2,0.09644
9,1,0.16579999999999998
16,2,0.04332
11,1,0.010069999999999999
16,3,0.83241
12,3,0.88603
12,3,0.44175
11,1,0.23928000000000002
12,1,0.514
11,2,0.10529
11,0,0.02791
12,1,0.11732
12,2,0.05264
16,3,0.5818099999999999
12,3,0.1838
12,3,0.21984
12,2,0.22207999999999997
15,1,0.30582
6,1,0.13368
16,1,0.4645
12,1,0.041319999999999996
12,0,0
3,1,0.61395
5,1,0.0011799999999999998
5,1,0.09555999999999999
9,1,0.21664999999999998
6,1,0.23976
16,2,0.94609
11,1,0.12739
12,1,0.17861999999999997
12,1,0.58001
8,2,0.34228000000000003
14,3,0.16118
13,1,0.43060000000000004
11,2,0.24562
14,2,0.40051000000000003
9,1,0.35969
11,2,0.35403
11,2,0.30280999999999997
10,1,0.60682
20,1,0.05551999999999999
14,3,0.8094100000000001
9,1,0.14297
9,1,0.33809
12,2,0.61725
9,2,0.54221
9,1,0.46507
12,1,0.20990999999999999
12,1,0.27109
12,2,0.57455
12,3,0.27548
9,1,0.023620000000000002
11,1,0.14885
6,1,0.65428
6,1,0.45397
6,1,0.47709
14,1,0.54174
14,1,0.7508
12,1,0.34818
16,2,0.88622
10,1,0.06576
10,0,0
11,1,0.23223
11,0,0.13555999999999999
15,2,0.48427
12,2,0.26684
12,1,0.05688
6,0,0.17259
12,0,0.28295000000000003
6,1,0.45324
6,1,0.68281
12,1,0.1246
10,2,0.26754
12,2,0.9007200000000001
12,3,0.29629
10,1,0.20325
16,3,0.5470900000000001
9,2,0.53367
10,0,0.13277
10,1,0.00949
9,2,0.15364
14,1,0.0381
13,2,0.21703
15,3,0.78525
12,2,0.79943
12,1,0.21818
12,2,0.13816
12,2,0.8276699999999999
12,2,0.27007000000000003
16,3,0.30361
12,2,0.40375
12,2,0.1252
20,3,0.65183
12,1,0.10978
11,1,0.01117
14,3,0.47345
12,1,0.05261999999999999
13,2,0.01579
14,1,0.19940000000000002
12,1,0.43201
13,1,0.09527
10,2,0.40094
14,1,0.55569
12,1,0.049710000000000004
10,1,0.020110000000000003
11,1,0.55981
8,1,0.012350000000000002
11,1,0.25726
12,1,0
16,3,0.9537399999999999
17,2,0.67137
13,2,0.27404
13,1,0.02928
6,0,0.9547599999999999
8,2,0.61247
12,2,0.06939000000000001
13,1,0.11401
18,1,0.33814999999999995
18,1,0.74539
14,2,0.51833
11,2,0.64417
11,2,0.35863999999999996
14,1,0.44382
14,1,0.25306
7,1,0.23818
2,1,0.35045000000000004
14,2,0.44969000000000003
13,1,0.34472
14,2,0.46521
16,2,0.6481
16,2,0.81234
16,2,0.6437
12,1,0.02926
9,1,0.48438000000000003
12,1,0.00136
12,1,0.0873
12,1,0.6533
12,1,0.85057
11,2,0.52043
11,2,0.69453
15,2,0.76191
9,1,0.06278
14,1,0.26925
12,2,0.7344700000000001
13,1,0.33125
14,2,0.77947
9,1,0.18215
7,2,0.16105
5,1,0.25056
9,2,0.45651
14,2,0.5124
12,2,0.90134
12,1,0.07631
12,1,0.87453
17,3,0.96422
16,2,0.1551
16,2,0.7625700000000001
12,1,0.03354
18,1,0.45597
13,1,0.0258
12,2,0.28721
12,3,0.55096
12,1,0.56226
14,1,0.19405999999999998
14,1,0.22890999999999997
12,1,0.19506
12,1,0.8075100000000001
12,2,0.3345
12,2,0.18989
12,2,0.13251
12,2,0.5650999999999999
8,1,0.01145
12,1,0.29582
12,1,0.17842
16,2,0.50671
12,1,0.14537
12,1,0.41708
12,1,0.44725000000000004
13,2,0.35225
12,1,0.0687
12,1,0.28902
10,1,0.02541
14,1,0.23788
17,2,0.93146
12,1,0.5193099999999999
3,2,0.1779
14,1,0.7009399999999999
11,1,0.0753
12,2,0.11721999999999999
14,2,0.8716700000000001
14,2,0.67413
13,2,0.60279
12,3,0.7369499999999999
9,2,0.021349999999999997
16,2,0.9457899999999999
11,2,0.06856
11,2,0.21594000000000002
15,2,0.14116
15,3,0.3347
12,1,0.8338500000000001
14,1,0.6434000000000001
14,2,0.54225
15,3,0.18599
12,3,0.56691
11,1,0.27785
14,1,0.7154900000000001
