id,momeducat,age_06,info_06,comp_06,simi_06,voca_06,picc_06,pica_06,bloc_06,obje_06,age_11,info_11,comp_11,simi_11,voca_11,picc_11,pica_11,bloc_11,obje_11
1,0,5.833333333,31.28654971,25.62656642,22.93233083,22.21491228,25.87719298,8.310249308,9.409888357,39.16408669,10.58333333,69.88304094,44.4235589,68.04511278,51.1622807,52.19298246,47.09141274,18.97926635,67.02786378
2,0,5.916666667,13.80116959,14.78696742,7.581453634,15.37280702,10.52631579,7.417666975,3.891547049,4.179566564,10.66666667,41.87134503,44.86215539,33.89724311,37.74122807,42.10526316,31.42505386,19.20255183,78.48297214
3,2,6.333333333,34.96969697,34.67532468,28.05194805,26.84090909,42.81818182,6.44338118,4.958677686,41.76470588,10.91666667,60.42424242,50.25974026,35.84415584,55.47727273,75.54545455,67.68740032,94.21487603,77.05882353
4,2,6.333333333,24.79532164,31.39097744,8.20802005,20.19736842,50,2.7085257,8.867623605,63.05469556,11.08333333,52.86549708,42.66917293,45.80200501,35.98684211,50,67.34379809,39.48963317,87.82249742
5,1,6.166666667,25.2631579,30.2631579,15.97744361,35.41666667,44.29824561,9.295167744,8.740031898,43.08565532,10.91666667,67.36842105,86.65413534,72.36842105,60.41666667,65.35087719,46.22960911,73.81180223,74.04540764
6,2,5.666666667,15.40229885,23.39901478,11.45320197,20.56034483,18.10344828,8.832425892,1.504702194,13.79310345,10.5,46.43678161,52.95566503,22.53694581,47.71551724,64.65517241,36.05565638,24.07523511,44.21906694
7,0,6.166666667,15.38011696,-1.253132832,2.318295739,13.00438597,8.596491228,1.662049862,-0.38277512,4.4375645,10.91666667,53.97660819,36.34085213,39.9122807,35.37280702,50.70175439,57.06371191,11.10047847,47.78121775
8,0,6.083333333,19.88304094,6.704260652,14.160401,14.86842105,39.9122807,6.463527239,7.081339713,19.7626419,10.83333333,26.9005848,33.02005013,21.679198,22.7631579,45.1754386,39.70452447,18.5645933,69.29824561
9,0,6.083333333,12.63157895,13.84711779,10.27568922,23.22368421,19.73684211,6.401969837,-0.318979266,25.90299278,10.83333333,54.73684211,40.16290727,36.5914787,54.80263158,35.52631579,43.3364112,18.81977672,59.95872033
10,1,5.916666667,23.69047619,25.44642857,11.41581633,21.78571429,35.17857143,7.675438597,7.857142857,12.71008403,10.58333333,45.11904762,52.23214286,53.50765306,53.92857143,45.89285714,47.14912281,42.92207792,69.43277311
11,1,5.75,25.29761905,29.33673469,13.20153061,25.69196429,30.53571429,9.555137845,6.331168831,18.01470588,10.41666667,64.58333333,44.64285714,62.94642857,64.53125,41.25,60.30701754,23.86363636,84.19117647
12,0,6.25,22.26190476,12.94642857,6.18622449,16.89732143,12.85714286,4.041353384,2.857142857,19.48529412,10.91666667,43.69047619,39.73214286,25.31887755,28.95089286,55.71428571,28.47744361,18.44155844,41.54411765
13,0,5.583333333,23.81642512,28.57142857,11.7494824,19.13043478,21.44927536,8.187134503,1.185770751,21.65387894,11.33333333,29.61352657,28.57142857,24.17184265,38.69565217,38.84057971,43.2748538,15.41501976,34.44160273
14,1,6,23.33333333,25,21.42857143,21.25,20,14.03508772,10.90909091,29.41176471,10.66666667,55.47619048,47.95918367,44.3877551,46.69642857,78.92857143,47.86967419,22.5974026,86.13445378
15,1,5.75,17.54385965,28.94736842,10.90225564,17.82894737,26.05263158,7.386888273,2.775119617,14.55108359,10.5,35.0877193,36.46616541,14.66165414,49.40789474,47.10526316,49.86149585,58.27751196,70.27863777
16,2,5.916666667,20.43010753,35.71428571,11.17511521,24.11290323,40.08064516,11.03565365,7.595307918,35.81593928,11.08333333,46.23655914,35.71428571,38.82488479,45.88709677,44.91935484,41.5959253,26.95014663,67.12523719
17,0,6,16.66666667,3.571428571,7.142857143,17.5,10,7.01754386,14.54545455,8.823529412,10.58333333,42.12121212,50.32467533,38.31168831,36.59090909,42.72727273,45.29505582,10.5785124,40.90909091
18,0,6.416666667,25.47619048,27.93367347,17.53826531,18.19196429,28.21428571,7.706766917,4.155844156,25.47268908,11.08333333,39.76190476,35.58673469,21.36479592,24.88839286,49.64285714,41.54135338,19.74025974,72.74159664
19,1,6.25,18.94736842,9.210526316,13.34586466,16.11842105,45.2631579,8.771929825,8.803827751,61.3003096,11,40,39.28571429,32.14285714,43.75,40,43.85964912,50.90909091,70.58823529
20,1,5.75,25.43859649,19.73684211,16.16541353,18.22368421,37.10526316,26.9621422,11.29186603,56.65634675,10.5,67.54385965,57.33082707,53.7593985,57.69736842,79.21052632,74.97691597,18.94736842,72.13622291
21,1,7.333333333,1.037037037,23.25396825,-4.523809524,8.361111111,21.11111111,0.545808967,-4.121212121,11.83006536,11.08333333,72.14814815,56.58730159,52.61904762,56.69444444,54.44444444,37.97270955,24.96969697,66.73202614
22,0,5.833333333,24.73684211,32.76942356,15.53884712,17.56578947,21.40350877,8.37180671,3.732057416,14.03508772,10.58333333,66.84210526,51.56641604,53.13283208,57.03947368,63.50877193,48.99969221,61.14832536,82.14654283
23,1,6.083333333,12.92397661,24.93734336,17.73182957,24.86842105,24.29824561,6.371191136,5.039872408,32.30134159,10.83333333,37.48538012,28.69674186,25.25062657,32.7631579,66.40350877,45.15235457,29.92025518,35.39731682
24,0,5.583333333,18.12865497,18.79699248,15.85213033,14.25438597,7.631578947,8.494921514,3.094098884,27.39938081,10.33333333,35.67251462,30.07518797,34.64912281,35.30701754,39.21052632,47.27608495,18.40510367,73.83900929
25,0,6.166666667,15.95238095,17.34693878,14.15816327,13.4375,19.10714286,6.453634085,6.883116883,12.71008403,10.83333333,37.38095238,32.65306122,17.98469388,22.8125,45.89285714,23.37092732,18.57142857,72.58403361
26,1,5.916666667,27.42690059,22.30576441,22.05513785,34.34210526,45.52631579,28.50107726,10.11164274,59.18472652,10.66666667,73.04093567,74.93734336,59.64912281,69.86842105,77.10526316,54.35518621,71.35566188,80.85655315
27,2,5.583333333,29.59064328,31.39097744,20.98997494,28.55263158,42.63157895,22.00677131,7.464114833,41.07327141,10.33333333,64.67836257,65.22556391,58.5839599,56.18421053,74.21052632,75.5617113,53.39712919,75.12899897
28,2,5.833333333,31.42857143,32.78061225,33.54591837,21.33928571,30.17857143,12.03007519,34.22077922,56.82773109,10.5,74.28571429,51.91326531,75.6377551,61.51785714,35.53571429,57.14285714,79.02597403,85.18907563
29,2,5.916666667,20.78787879,25.58441558,14.80519481,25.65909091,50,14.64114833,9.719008265,42.03208556,10.5,68.06060606,60.64935065,45.97402597,65.20454546,50,51.00478469,47.40495868,93.36898396
30,2,5.75,18.59649123,22.7443609,14.28571429,17.36842105,37.10526316,6.186518929,2.105263158,18.11145511,10.5,57.19298246,49.06015038,14.28571429,39.73684211,79.21052632,59.74145891,44.21052632,86.22291022
31,1,5.666666667,30,30.86734694,27.80612245,32.05357143,41.07142857,11.52882206,4.935064935,51.47058824,10.33333333,80,65.30612245,69.89795918,62.85714286,57.14285714,79.19799499,24.41558442,73.52941177
32,1,6.5,25.2631579,29.5112782,22.36842105,24.47368421,19.21052632,29.7322253,6.411483254,8.204334365,11.25,39.29824561,55.82706767,48.68421053,54.73684211,77.10526316,48.19944598,33.20574163,73.21981424
33,0,6.583333333,20,0.892857143,17.41071429,17.96875,16.875,-0.877192982,10,48.16176471,11.25,48.57142857,54.46428571,51.8494898,56.80803571,43.66071429,66.79197995,17.79220779,63.91806723
34,1,5.75,18.24561404,30.07518797,9.022556391,25.13157895,30.78947368,13.29639889,14.44976077,22.13622291,10.5,49.8245614,60.15037594,46.61654135,52.7631579,46.57894737,68.69806094,48.89952153,53.09597523
35,0,6.25,15.0877193,24.81203008,16.91729323,17.03947368,22.63157895,4.986149585,2.870813397,21.51702786,11,46.66666667,28.57142857,35.71428571,26.25,70,45.61403509,18.18181818,61.76470588
36,0,6.25,22.26190476,17.4744898,20.66326531,16.69642857,39.46428571,4.761904762,7.045454546,27.67857143,10.91666667,43.69047619,25.12755102,35.96938776,32.76785714,50.17857143,49.87468672,47.95454546,62.34243698
37,0,5.75,19.12280702,23.68421053,10.33834587,33.42105263,49.73684211,12.65004617,2.583732057,15.01547988,10.5,68.24561404,68.79699248,74.2481203,51.84210526,44.47368421,55.12465374,54.25837321,80.03095975
38,2,5.916666667,14.02298851,18.10344828,11.33004926,20.45258621,30.34482759,14.8215366,12.19435737,38.89452333,10.75,55.40229885,32.8817734,48.27586207,47.60775862,51.03448276,62.00846945,89.31034483,78.44827586
39,0,6.666666667,21.42857143,4.591836735,4.081632653,10,24.28571429,1.754385965,-4.415584416,40.33613445,11.33333333,35.71428571,23.7244898,27.04081633,38.125,67.14285714,41.22807018,83.24675325,68.69747899
40,0,5.583333333,31.19047619,20.40816327,14.54081633,23.81696429,32.67857143,8.364661654,6.720779221,47.26890756,10.25,45.47619048,51.02040816,60.45918367,54.62053571,64.82142857,66.63533835,43.73376623,85.08403361
41,0,5.666666667,8.571428571,5.612244898,5.612244898,13.57142857,8.571428571,6.390977444,2.987012987,29.20168067,10.33333333,37.14285714,36.2244898,36.2244898,29.64285714,62.14285714,49.62406015,20.51948052,70.16806723
42,1,6.25,15.43859649,12.78195489,12.96992481,25,34.73684211,3.50877193,2.870813397,51.23839009,11,40,42.85714286,39.28571429,50,40,73.68421053,18.18181818,85.29411765
43,1,6.416666667,17.95321637,6.954887218,22.49373434,24.27631579,37.80701754,6.525084641,-5.582137161,29.25696594,11.16666667,42.51461988,52.06766917,52.56892231,47.96052632,64.12280702,54.53985842,61.40350877,66.40866873
44,0,5.916666667,23.80952381,32.39795918,14.54081633,25.35714286,45.17857143,7.675438597,8.051948052,30.09453782,10.58333333,52.38095238,47.70408163,29.84693878,46.78571429,55.89285714,47.14912281,54.80519481,71.06092437
45,0,5.583333333,18.45238095,10.96938776,6.441326531,10.17857143,8.125,6.798245614,0.487012987,4.779411765,10.25,39.88095238,56.8877551,40.88010204,42.32142857,45.625,46.27192983,6.331168831,26.83823529
46,1,5.833333333,28.0952381,26.14795918,26.2755102,33.66071429,40.53571429,29.32330827,10.64935065,42.33193277,10.5,70.95238095,60.58673469,64.54081633,68.48214286,56.60714286,66.91729323,57.4025974,76.99579832
47,1,6.083333333,16.09195402,10.34482759,6.280788177,18.38362069,34.56896552,6.442831216,10.78369906,22.76876268,10.91666667,50.57471264,32.51231527,58.00492611,40.36637931,60.43103448,40.92558984,18.30721003,68.40770791
48,1,6.416666667,33.39285714,38.96683674,31.50510204,29.82142857,31.42857143,33.52130326,15.58441558,22.79411765,11.08333333,72.67857143,42.79336735,39.15816327,61.96428571,74.28571429,52.31829574,46.75324675,66.91176471
49,2,5.666666667,20.70175439,22.68170426,22.43107769,21.49122807,30.70175439,10.58787319,9.186602871,30.2373581,10.41666667,31.22807018,41.47869674,37.46867168,43.85964912,41.22807018,64.14281317,37.89473684,42.62125903
50,0,6.083333333,16.30952381,6.568877551,10.58673469,14.75446429,29.55357143,6.015037594,-0.714285714,40.6512605,10.75,37.73809524,41.00765306,18.23979592,29.48660714,56.33928571,66.16541353,42.14285714,72.16386555
51,1,6.416666667,16.83908046,30.60344828,11.8226601,25.88362069,32.4137931,5.837870538,4.388714734,41.07505071,11.25,54.77011494,49.07635468,41.37931035,45.28017241,63.44827586,62.09921355,60.81504702,77.5862069
52,0,6.333333333,15.47619048,23.7244898,5.612244898,16.16071429,6.785714286,1.503759399,1.558441558,9.663865546,11,33.33333333,42.85714286,28.57142857,36.25,55,31.57894737,32.72727273,41.17647059
53,0,6.083333333,12.5,17.34693878,20.91836735,17.00892857,34.91071429,9.711779449,8.246753247,13.91806723,10.75,62.5,47.95918367,51.53061225,46.47321429,40.26785714,58.5839599,58.8961039,61.18697479
54,0,6.083333333,16.30952381,13.7755102,6.696428571,14.66517857,-0.892857143,2.819548872,3.538961039,2.573529412,10.75,37.73809524,44.3877551,33.48214286,34.75446429,52.67857143,44.17293233,9.383116883,24.63235294
55,1,5.916666667,23.98809524,39.47704082,15.05102041,27.92410714,50.17857143,11.46616541,11.3961039,56.35504202,10.58333333,63.27380952,50.95663265,60.96938776,53.37053571,60.89285714,67.85714286,40.61688312,84.71638656
56,0,6,13.33333333,21.42857143,3.571428571,13.75,10,3.50877193,3.636363636,8.823529412,10.75,27.36842105,25.18796993,14.84962406,25.59210526,41.57894737,29.36288089,18.94736842,39.78328173
57,0,5.833333333,18.27586207,15.02463054,11.57635468,23.36206897,30.68965517,12.34119782,11.22257053,42.29208925,10.66666667,66.55172414,37.19211823,37.43842365,49.22413793,51.37931035,66.7876588,20.62695925,75.76064909
58,1,6.166666667,18.33333333,34.94897959,16.70918367,35.40178571,28.75,8.959899749,6.818181818,12.71008403,10.83333333,68.33333333,57.90816327,51.14795918,60.84821429,66.25,55.95238095,20.45454546,72.58403361
59,0,6.166666667,15.96491228,17.35588972,13.78446115,9.122807018,3.771929825,0.215450908,-0.318979266,-1.754385965,10.91666667,37.01754386,32.39348371,28.82205514,35.43859649,40.61403509,46.38350262,9.250398724,50.87719298
60,2,6.416666667,31.54761905,29.59183674,26.33928571,29.01785714,34.10714286,6.140350877,3.214285714,38.81302521,11.08333333,52.97619048,60.20408163,53.125,55.80357143,44.82142857,58.77192983,51.91558442,67.17436975
61,1,5.583333333,19.94047619,21.04591837,16.51785714,27.12053571,17.67857143,6.328320802,4.285714286,13.02521008,10.25,59.22619048,59.31122449,43.30357143,52.56696429,49.82142857,40.16290727,12.07792208,63.44537815
62,0,6.25,15.77380952,5.612244898,5.994897959,9.776785714,18.39285714,1.065162907,0.551948052,9.716386555,10.91666667,33.63095238,36.2244898,28.95408163,39.24107143,50.53571429,49.93734336,25.87662338,50.68277311
63,2,5.833333333,24.85380117,36.84210526,25.7518797,27.25877193,31.92982456,12.00369344,11.22807018,13.62229102,10.58333333,70.46783626,70.67669173,48.30827068,57.52192983,89.8245614,56.32502308,20.79744817,69.3498452
64,1,6.25,21.72619048,31.76020408,8.992346939,23.32589286,22.58928571,38.84711779,5.616883117,51.52310924,10.91666667,53.86904762,39.41326531,43.43112245,56.80803571,70.80357143,68.92230576,38.73376623,79.88445378
65,0,6.333333333,15.2631579,15.85213033,21.17794486,13.50877193,23.59649123,3.262542321,6.25199362,10.31991744,11.08333333,36.31578947,45.9273183,24.93734336,35.87719298,44.64912281,6.955986457,21.56299841,31.99174407
66,0,6,6.666666667,17.85714286,3.571428571,12.5,10,8.771929825,0,17.64705882,10.66666667,38.80952381,44.64285714,30.35714286,39.28571429,42.14285714,31.3283208,19.48051948,61.76470588
67,0,6.416666667,4.035087719,21.42857143,18.17042607,14.0131579,34.56140351,5.016928286,4.976076555,7.894736842,11.16666667,35.61403509,21.42857143,14.41102757,25.85526316,39.8245614,29.02431517,10.71770335,54.33436533
68,0,6.166666667,12.38095238,13.52040816,9.948979592,16.5625,19.28571429,2.005012531,3.376623377,8.088235294,10.83333333,40.95238095,36.47959184,32.90816327,44.6875,40.71428571,47.11779449,11.16883117,30.14705882
69,2,6.416666667,20.95238095,34.75765306,7.525510204,34.79910714,24.10714286,14.25438597,8.928571429,8.613445378,11.08333333,49.52380952,46.2372449,45.79081633,52.20982143,34.82142857,53.72807018,10.87662338,46.42857143
70,0,5.916666667,10.35087719,18.23308271,7.456140351,11.66666667,25.35087719,8.125577101,7.974481659,12.74509804,10.66666667,31.40350877,40.78947368,26.25313283,36.66666667,46.40350877,74.60757156,50.07974482,71.56862745
71,0,6,23.33333333,21.42857143,10.71428571,15,25,7.01754386,5.454545455,17.64705882,10.66666667,48.33333333,44.3877551,33.67346939,41.78571429,51.78571429,67.1679198,40.51948052,68.06722689
72,0,6.083333333,19.82758621,17.42610837,10.16009852,17.21982759,35,5.868118572,3.510971787,23.22515213,10.91666667,30.17241379,43.28817734,43.41133005,34.03017241,35,74.83363581,11.03448276,41.48073022
73,0,6.083333333,9.597701149,21.0591133,3.263546798,18.62068966,19.65517241,2.903811252,5.235109718,16.8356998,10.91666667,33.73563218,43.22660099,21.7364532,26.37931035,40.34482759,39.20145191,18.40125392,65.51724138
74,0,5.916666667,16.8452381,14.47704082,0.382653061,12.83482143,0.625,3.884711779,0.324675325,6.880252101,10.58333333,27.55952381,25.95663265,23.34183674,32.92410714,38.125,26.44110276,19.80519481,66.75420168
75,1,5.916666667,20.29239766,25,14.66165414,21.53508772,55.1754386,14.34287473,18.69218501,59.02992776,10.66666667,37.83625731,25,37.21804511,38.64035088,65.70175439,32.81009541,49.31419458,71.41382869
76,0,6.5,24.88095238,30.99489796,24.23469388,10.35714286,32.85714286,0.37593985,2.077922078,12.5,11.16666667,42.73809524,42.4744898,31.8877551,31.78571429,54.28571429,49.2481203,17.66233766,34.55882353
77,2,6.25,17.89473684,26.87969925,11.84210526,19.73684211,23.68421053,8.033240997,7.177033493,32.35294118,11,60,60.71428571,60.71428571,50,50,57.89473684,45.45454546,91.17647059
78,1,6.083333333,22.92397661,35.46365915,21.2406015,23.53070175,34.64912281,6.094182826,8.070175439,34.82972136,10.83333333,47.48538012,50.50125313,32.51879699,36.68859649,55.70175439,61.49584488,69.31419458,62.69349845
79,1,6.333333333,25.95238095,27.55102041,9.183673469,17.94642857,13.57142857,3.759398496,2.597402597,8.403361345,11,36.66666667,42.85714286,32.14285714,48.75,35,52.63157895,18.18181818,58.82352941
80,1,6.333333333,30.95238095,34.69387755,37.75510204,25.71428571,28.57142857,14.03508772,32.72727273,60.29411765,11,66.66666667,50,60.71428571,52.5,50,66.66666667,60,82.35294118
81,0,5.833333333,17.38095238,8.290816327,14.41326531,15.40178571,25.71428571,6.766917293,7.337662338,21.8487395,10.5,38.80952381,42.72959184,18.23979592,27.45535714,47.14285714,51.87969925,9.285714286,59.66386555
82,1,6.166666667,26.19883041,28.32080201,20.80200501,20.54824561,54.47368421,3.601108033,2.169059011,16.30546956,10.91666667,40.23391813,35.839599,39.59899749,41.60087719,70.2631579,53.46260388,46.18819777,56.55314758
83,1,5.666666667,18.80952381,23.46938776,11.73469388,22.32142857,39.64285714,12.90726817,0.779220779,30.46218487,10.33333333,50.95238095,54.08163265,27.04081633,57.14285714,34.28571429,48.62155389,12.46753247,90.33613445
84,1,6.416666667,10.99415205,29.94987469,8.521303258,17.36842105,33.68421053,6.525084641,5.263157895,22.6006192,11.16666667,39.06432749,56.26566416,34.83709273,48.94736842,49.47368421,54.53985842,51.19617225,69.04024768
85,0,6.25,22.81609195,12.62315271,9.790640394,13.96551724,2.931034483,7.985480944,3.667711599,24.34077079,11.08333333,33.16091954,45.87438424,28.2635468,34.65517241,44.31034483,58.80217786,39.40438872,66.93711968
86,1,6.083333333,22.87356322,17.17980296,14.10098522,17.26293103,29.22413793,9.98185118,6.363636364,22.71805274,10.91666667,50.45977012,57.82019704,25.18472906,31.48706897,75.77586207,42.64972777,60.90909091,71.39959432
87,2,5.5,24.73684211,22.7443609,23.30827068,23.42105263,32.10526316,11.63434903,5.167464115,19.04024768,10.25,38.77192983,0.187969925,42.10526316,32.63157895,53.15789474,57.80240074,20.4784689,62.38390093
88,0,6.25,15.43859649,12.59398496,28.0075188,16.18421053,-3.421052632,-1.292705448,0.19138756,5.108359133,11,40,46.42857143,39.28571429,42.5,65,59.64912281,69.09090909,79.41176471
89,0,5.75,20.70175439,25.93984962,25.37593985,19.93421053,31.84210526,7.109879963,8.038277512,13.93188855,10.5,34.73684211,44.73684211,32.89473684,43.61842105,68.68421053,79.13204063,23.3492823,57.2755418
90,0,6.166666667,25.51724138,24.13793103,20.44334975,39.65517241,23.44827586,20.20568663,16.80250784,33.67139959,11,60,50,50,50,70,45.61403509,58.18181818,82.35294118
91,1,6.5,11.19047619,20.28061225,21.04591837,15.89285714,6.785714286,-1.127819549,-1.168831169,1.050420168,11.16666667,32.61904762,31.76020408,24.87244898,31.96428571,38.92857143,10.15037594,10.51948052,19.95798319
92,2,6.083333333,22.61904762,31.69642857,21.04591837,26.98660714,39.91071429,32.92606516,29.28571429,28.46638656,10.75,65.47619048,58.48214286,44.00510204,57.79017857,45.26785714,57.36215539,17.5974026,85.18907563
93,1,5.916666667,27.08333333,28.95408163,14.85969388,23.16964286,45.44642857,8.051378446,11.68831169,33.19327731,10.58333333,52.08333333,51.91326531,49.29846939,63.34821429,72.23214286,70.08145363,58.44155844,83.61344538
94,2,6.333333333,11.19047619,1.530612245,17.09183674,11.875,21.07142857,5.012531328,4.935064935,7.56302521,11,43.33333333,32.14285714,28.57142857,40,80,35.0877193,40,70.58823529
95,2,6.416666667,9.885057471,11.51477833,4.987684729,18.98706897,38.70689655,6.594071385,6.990595611,47.21095335,11.25,51.26436782,44.76600985,30.8497537,46.14224138,54.22413793,53.78100424,54.01253919,80.67951319
96,1,5.916666667,20.40935673,21.74185464,14.53634085,19.07894737,20.70175439,14.37365343,5.741626794,18.52425181,10.66666667,44.97076023,40.53884712,29.57393484,38.81578947,62.80701754,34.68759618,22.96650718,71.15583075
97,1,6.5,16.49122807,25.18796993,12.03007519,22.36842105,19.73684211,4.986149585,-1.148325359,31.88854489,11.25,51.57894737,59.02255639,34.58646617,48.68421053,72.36842105,60.38781163,46.69856459,65.94427245
98,1,6.416666667,28.21428571,34.75765306,30.22959184,25.15625,32.32142857,25.56390977,12.98701299,54.04411765,11.08333333,49.64285714,46.2372449,53.18877551,53.28125,64.46428571,55.63909774,75.32467533,76.10294118
99,1,6.083333333,22.67857143,13.52040816,6.441326531,2.767857143,44.55357143,23.55889724,6.688311688,34.82142857,10.75,61.96428571,59.43877551,48.53316327,61.69642857,71.33928571,83.70927318,41.75324675,63.18277311
100,0,6.5,18.21428571,11.2244898,11.60714286,13.57142857,10.71428571,2.819548872,-1.168831169,7.037815126,11.16666667,36.07142857,41.83673469,38.39285714,40.35714286,53.57142857,27.2556391,10.51948052,54.30672269
101,0,6.416666667,22.44047619,13.01020408,4.591836735,16.27232143,34.55357143,7.863408521,4.025974026,9.453781513,11.08333333,33.15476191,28.31632653,35.20408163,31.00446429,39.91071429,39.81829574,42.98701299,72.4789916
102,1,5.583333333,22.97619048,26.91326531,17.4744898,25.42410714,34.91071429,23.24561404,23.21428571,55.04201681,10.25,58.69047619,49.87244898,55.73979592,45.51339286,93.83928571,49.56140351,83.6038961,80.25210084
103,2,5.75,17.70114943,25.73891626,19.15024631,23.92241379,17.84482759,9.739866909,5.423197492,22.4137931,10.58333333,38.3908046,40.51724138,45.01231527,52.37068966,74.74137931,64.18632789,41.15987461,58.92494929
104,1,5.75,14.56140351,25.7518797,15.03759399,14.67105263,16.31578947,4.893813481,2.296650718,19.3498452,10.5,39.12280702,40.78947368,30.07518797,33.09210526,42.63157895,32.59464451,11.86602871,53.40557276
105,1,5.916666667,3.690476191,0.255102041,0.255102041,10.13392857,5.625,5.357142857,1.915584416,3.728991597,10.58333333,25.11904762,15.56122449,15.56122449,18.16964286,43.125,10.9962406,7.75974026,50.99789916
106,0,6.416666667,7.619047619,8.801020408,5.229591837,11.74107143,12.32142857,3.571428571,0.032467533,8.350840336,11.08333333,36.19047619,31.76020408,28.18877551,35.84821429,44.46428571,44.92481203,21.46103896,49.31722689
107,0,6.5,13.80952381,3.698979592,9.183673469,11.20535714,23.39285714,2.318295739,2.077922078,3.781512605,11.16666667,42.38095238,38.1377551,24.48979592,36.65178571,39.46428571,49.31077694,17.66233766,54.20168067
108,0,5.833333333,17.73809524,25.6377551,11.73469388,21.83035714,30.53571429,5.200501253,2.922077922,19.22268908,10.5,49.88095238,44.77040816,42.34693878,39.24107143,46.60714286,55.95238095,36.03896104,66.49159664
109,1,6.333333333,18.3625731,28.57142857,17.10526316,11.99561404,44.64912281,0.554016621,5.231259968,20.63983488,11.08333333,42.92397661,28.57142857,28.38345865,38.31140351,49.9122807,44.87534626,35.85326954,63.98348813
110,1,6.25,19.12280702,24.2481203,9.586466165,21.90789474,33.94736842,2.493074792,8.612440191,25.3869969,11,36.66666667,39.28571429,32.14285714,33.75,55,57.89473684,18.18181818,47.05882353
111,1,5.666666667,15.23809524,31.8877551,16.07142857,19.10714286,22.14285714,6.140350877,9.74025974,14.28571429,10.33333333,43.80952381,28.06122449,42.85714286,43.21428571,54.28571429,45.61403509,19.48051948,52.10084034
112,1,6.333333333,15.49707602,24.49874687,5.388471178,20.46052632,13.59649123,3.324099723,8.963317384,-1.599587203,11.08333333,33.04093567,32.01754386,31.70426065,32.30263158,34.64912281,58.72576177,10.87719298,66.51186791
113,1,5.583333333,25.41666667,27.61479592,20.40816327,28.14732143,18.125,13.34586466,26.72077922,62.55252101,10.25,50.41666667,16.13520408,51.02040816,50.91517857,55.625,47.18045113,63.73376623,72.00630252
114,2,6.25,14.70238095,27.23214286,20.47193878,19.50892857,45,15.57017544,8.474025974,39.12815126,10.91666667,53.98809524,54.01785714,39.60459184,54.33035714,45,55.04385965,57.17532468,80.09453782
115,1,6.416666667,25.61403509,32.89473684,20.61403509,29.42982456,28.24561404,41.85903355,15.62998405,24.76780186,11.16666667,78.24561404,66.72932331,73.24561404,66.27192983,49.29824561,65.86642044,46.25199362,80.49535604
116,1,6.166666667,15.73099415,20.67669173,9.335839599,17.91666667,38.94736842,1.231148046,17.28867624,12.64189887,10.91666667,43.80116959,43.23308271,50.68922306,42.91666667,70.52631579,69.55986457,44.08293461,74.56140351
117,0,6.166666667,15.33333333,31.36363636,9.675324675,16.63636364,29.09090909,5.614035088,5.884297521,9.411764706,10.75,55.33333333,54.74025974,40.84415584,42.54545455,56.36363636,47.71929825,47.53719008,80
118,0,6.25,26.13095238,42.4744898,11.98979592,32.03125,24.19642857,1.253132832,8.993506494,22.26890756,10.91666667,36.8452381,50.12755102,57.90816327,41.40625,40.26785714,46.36591479,10.94155844,47.4789916
119,1,6.333333333,18.33333333,27.04081633,12.5,25.35714286,39.64285714,6.64160401,9.87012987,48.7394958,11,43.33333333,50,39.28571429,57.5,45,64.9122807,25.45454546,67.64705882
120,0,6.333333333,16.32183908,3.448275862,6.034482759,13.01724138,26.20689655,7.501512402,3.385579937,-1.926977688,11.16666667,71.49425287,58.86699507,76.23152709,42.75862069,83.10344828,52.87356322,61.69278997,71.09533469
121,0,6.333333333,15.2631579,12.53132832,24.49874687,23.22368421,7.543859649,0.430901816,-1.275917065,-4.540763674,11.08333333,36.31578947,38.84711779,32.01754386,31.11842105,44.38596491,46.59895352,17.86283892,63.57069143
122,0,6,13.33333333,21.42857143,7.142857143,15,20,7.01754386,7.272727273,17.64705882,10.66666667,38.33333333,48.21428571,37.75510204,39.10714286,73.57142857,46.49122807,26.75324675,71.2184874
123,2,5.583333333,30.68965517,27.15517241,17.05665025,26.72413793,29.31034483,54.29522081,9.247648903,27.83975659,10.41666667,78.96551724,53.01724138,50.30788177,47.4137931,81.03448276,74.25892317,11.12852665,79.56389452
124,1,5.916666667,17.36842105,21.86716792,11.65413534,27.91666667,40.61403509,11.38811942,11.2599681,47.31682147,10.66666667,59.47368421,48.18295739,68.04511278,52.91666667,77.45614035,63.09633734,32.31259968,62.79669763
125,1,6.416666667,18.18181818,19.80519481,1.948051948,32.72727273,25,5.263157895,4.462809917,22.19251337,11,80,39.28571429,64.28571429,60,85,68.42105263,81.81818182,73.52941177
126,2,5.583333333,30.1754386,34.64912281,25.50125313,30.67982456,18.50877193,35.48784241,20.51036683,31.47574819,10.33333333,72.28070175,64.72431078,74.37343358,68.8377193,60.61403509,61.34195137,70.27113238,56.24355005
127,1,6.25,17.96296296,27.18253968,20.23809524,18.75,32.5,15.00974659,5.555555556,26.96078431,10.75,58.7037037,54.96031746,44.04761905,43.75,82.5,65.6920078,76.26262626,75.98039216
128,0,6.583333333,21.28654971,18.35839599,10.33834587,16.44736842,19.47368421,1.415820252,-1.722488038,17.750258,11.33333333,38.83040936,44.67418546,44.17293233,36.18421053,66.84210526,49.43059403,44.21052632,67.28586171
129,1,5.583333333,22.48756219,19.98933902,15.88486141,18.11567164,17.23880597,9.897879026,2.442333786,12.77436348,11.16666667,52.33830846,45.57569296,35.07462687,40.50373134,44.10447761,44.46190102,31.75033921,60.18437226
130,0,5.5,21.42857143,16.58163265,15.81632653,19.64285714,21.60714286,5.889724311,5.194805195,15.54621849,10.16666667,35.71428571,39.54081633,31.12244898,41.07142857,37.67857143,47.24310777,20.77922078,53.36134454
131,2,5.583333333,23.21637427,30.45112782,27.81954887,21.27192983,40.43859649,20.62172976,6.570972887,30.08255934,10.33333333,61.8128655,53.0075188,61.65413534,51.53508772,45.70175439,57.55617113,19.96810207,73.42621259
132,1,6.5,27.85714286,15.17857143,6.505102041,19.55357143,34.46428571,-1.253132832,0.714285714,4.201680672,11.16666667,49.28571429,41.96428571,48.59693878,49.01785714,39.82142857,81.45363409,29.93506494,79.83193277
133,2,6.083333333,32.74853801,20.80200501,24.62406015,25.78947368,39.9122807,16.55894121,17.67145136,31.52734778,10.83333333,67.83625731,58.39598998,47.18045113,53.42105263,45.1754386,75.6540474,48.29346093,81.0629515
134,2,5.583333333,22.08333333,30.16581633,32.78061225,27.92410714,27.23214286,15.06892231,12.98701299,26.68067227,10.25,47.08333333,49.29846939,40.43367347,48.01339286,54.01785714,69.5802005,59.74025974,64.49579832
135,1,6.666666667,15.78947368,26.56641604,8.270676692,17.54385965,26.49122807,-1.846722068,4.529505582,32.86893705,11.41666667,47.36842105,41.60401003,53.38345865,35.96491228,52.80701754,64.63527239,52.37639553,73.11661507
136,1,6.416666667,19.10714286,23.40561225,13.01020408,26.27232143,29.10714286,-0.563909774,8.928571429,7.825630252,11.08333333,29.82142857,42.53826531,28.31632653,41.00446429,39.82142857,48.30827068,10.87662338,55.09453782
137,1,6.75,19.71264368,13.97783251,16.4408867,19.78448276,32.67241379,1.028433152,-2.570532915,27.78904665,11.58333333,43.85057471,39.83990148,49.69211823,37.88793103,48.18965517,40.95583787,38.80877743,58.21501014
138,0,6.583333333,20.41666667,9.375,8.035714286,17.1875,1.875,3.50877193,0.227272727,2.941176471,11.25,45.41666667,51.46683674,30.99489796,41.29464286,71.51785714,33.5839599,45.03246753,53.36134454
139,1,5.833333333,17.5,21.93877551,18.87755102,20.89285714,40.17857143,8.521303258,9.935064935,48.00420168,10.5,42.5,37.24489796,49.48979592,47.67857143,45.53571429,53.63408521,35.25974026,76.36554622
140,1,6.416666667,17.4137931,41.93349754,14.16256158,24.20258621,41.98275862,14.21657592,11.44200627,63.18458418,11.25,48.44827586,53.01724138,58.49753695,48.77155172,78.18965517,54.14398064,92.31974922,81.44016227
141,1,6.583333333,17.5,22.76785714,3.125,13.90625,21.25,0.657894737,10.90909091,20.58823529,11.25,38.92857143,41.9005102,37.56377551,33.99553571,53.39285714,55.16917293,26.49350649,71.00840336
142,0,6,20,10.71428571,10.71428571,13.75,25,5.263157895,3.636363636,14.70588235,10.66666667,41.42857143,26.02040816,33.67346939,29.82142857,41.07142857,39.09774436,19.22077922,74.57983193
143,2,6.083333333,19.22619048,6.31377551,6.951530612,24.55357143,44.82142857,9.461152882,10.45454546,46.48109244,10.75,65.65476191,56.05867347,18.43112245,51.33928571,55.53571429,73.37092732,37.72727273,81.14495798
144,1,5.75,17.73809524,15.24234694,11.67091837,14.62053571,16.33928571,8.897243108,4.512987013,2.836134454,10.41666667,39.16666667,34.375,30.80357143,32.03125,43.125,46.49122807,22.04545455,59.55882353
145,0,6.416666667,7.368421053,4.323308271,8.834586466,13.68421053,17.36842105,3.324099723,4.178628389,29.51496388,11.16666667,38.94736842,38.15789474,31.39097744,29.47368421,48.94736842,47.64542936,19.48963317,63.57069143
146,2,6,20,25,10.71428571,25,35,14.03508772,10.90909091,35.29411765,10.83333333,54.48275862,47.16748769,51.3546798,52.15517241,35,52.14761041,71.09717868,68.76267749
147,2,6.166666667,25.49707602,42.35588972,31.64160401,27.82894737,44.12280702,5.478608803,7.304625199,18.42105263,10.91666667,60.58479532,57.39348371,46.679198,55.46052632,70.43859649,51.64666051,60.89314195,83.43653251
148,1,6.166666667,19.53216374,20.80200501,6.140350877,24.56140351,35,5.724838412,4.497607656,22.1878225,10.91666667,33.56725146,39.59899749,36.21553885,37.71929825,35,44.50600185,33.20574163,62.43550052
149,0,5.916666667,16.9005848,7.205513785,3.759398496,12.65350877,35,7.510003078,0.19138756,9.391124871,10.66666667,30.93567252,10.96491228,15.03759399,21.86403509,35,37.05755617,11.67464115,43.44685243
150,0,6.083333333,26.30952381,21.04591837,13.96683674,14.57589286,49.64285714,6.359649123,5.097402597,10.71428571,10.75,47.73809524,44.00510204,33.0994898,40.02232143,71.07142857,45.83333333,26.52597403,73.7394958
151,2,6.25,18.57142857,19.70663265,16.13520408,22.54464286,28.92857143,8.176691729,33.18181818,58.19327731,10.91666667,47.14285714,54.14540816,50.57397959,46.65178571,50.35714286,55.16917293,60.45454546,70.79831933
152,2,5.916666667,30.46783626,25.62656642,18.29573935,24.18859649,30.70175439,7.756232687,11.738437,64.80908153,10.66666667,58.5380117,63.22055138,44.61152882,50.50438597,72.80701754,52.07756233,61.49920255,71.00103199
153,1,5.916666667,17.18390805,22.04433498,28.63300493,23.01724138,40.51724138,11.55474894,2.601880878,38.84381339,10.75,48.21839081,58.99014778,32.32758621,54.05172414,71.55172414,73.26073805,49.62382445,75.35496957
154,2,6.25,31.75438597,30.63909774,15.41353384,28.55263158,49.73684211,22.71468144,5.263157895,42.26006192,11,63.33333333,60.71428571,64.28571429,57.5,55,59.64912281,45.45454546,79.41176471
155,1,5.666666667,15.23809524,15.81632653,18.87755102,21.60714286,17.5,8.145363409,3.246753247,12.18487395,10.33333333,43.80952381,38.7755102,34.18367347,45.71428571,55,51.37844612,24.67532468,62.60504202
156,0,5.666666667,18.80952381,15.30612245,15.81632653,15.89285714,36.42857143,9.649122807,9.220779221,15.12605042,10.33333333,50.95238095,30.6122449,38.7755102,29.28571429,57.85714286,49.12280702,38.44155844,65.54621849
157,1,5.833333333,10.47619048,14.41326531,4.209183674,12.85714286,6.25,2.944862155,0.324675325,3.256302521,10.5,24.76190476,18.23979592,23.34183674,23.57142857,43.75,38.65914787,10.06493507,12.71008403
158,0,6,16.66666667,25,14.28571429,17.5,25,7.01754386,3.636363636,32.35294118,10.66666667,38.0952381,17.34693878,33.41836735,32.23214286,62.5,50.25062657,60.12987013,67.01680672
159,0,5.583333333,12.08333333,21.74744898,4.528061225,17.61160714,1.339285714,0.626566416,0.649350649,1.050420168,10.25,37.08333333,25.57397959,16.00765306,18.95089286,17.41071429,8.145363409,8.441558442,13.65546219
160,2,6.583333333,11.34502924,18.35839599,11.65413534,18.02631579,28.15789474,2.523853493,3.955342903,34.62332301,11.33333333,56.95906433,44.67418546,34.21052632,45.65789474,43.94736842,56.07879348,47.97448166,65.58307534
161,1,6.083333333,16.25730994,13.59649123,17.35588972,14.67105263,29.64912281,9.756848261,2.647527911,25.7997936,10.83333333,40.81871345,54.94987469,47.43107769,34.40789474,50.70175439,55.92489997,61.97767145,66.04747162
162,1,5.916666667,3.869047619,11.16071429,3.890306122,9.196428571,10.44642857,7.80075188,7.922077922,12.65756303,10.58333333,36.01190476,37.94642857,23.02295918,35.98214286,37.23214286,54.79323308,46.88311688,66.2289916
163,1,5.916666667,17.25146199,22.11779449,11.27819549,24.45175439,25.70175439,14.58910434,9.601275917,12.59029928,10.66666667,52.33918129,63.47117795,45.11278196,66.55701754,67.80701754,47.83010157,40.22328549,62.12590299
164,1,5.75,21.42857143,25.76530612,19.3877551,24.55357143,41.33928571,13.90977444,6.071428571,37.34243698,10.41666667,50,41.07142857,50,40.625,68.125,81.57894737,54.77272727,78.30882353
165,0,6.25,15.57575758,8.961038961,16.88311688,17.59090909,29.18181818,-0.063795853,3.239669422,27.48663102,10.83333333,37.39393939,44.02597403,36.36363636,40.77272727,45.54545455,36.29984051,11.17355372,65.98930481
166,0,6.416666667,15.78947368,20.48872181,20.80200501,15.04385965,28.24561404,-1.785164666,1.403508772,14.03508772,11.16666667,26.31578947,31.76691729,28.32080201,29.51754386,49.29824561,40.68944291,28.19776715,57.37874097
167,1,6,16.66666667,21.42857143,17.85714286,17.5,50,7.01754386,7.272727273,23.52941177,10.66666667,34.52380952,55.86734694,36.98979592,44.28571429,44.64285714,54.01002506,11.16883117,58.19327731
168,0,5.583333333,21.75438597,16.47869674,15.53884712,18.70614035,17.63157895,14.68144044,3.668261563,19.60784314,10.33333333,42.80701754,42.79448622,30.5764411,33.17982456,49.21052632,64.54293629,47.68740032,78.43137255
169,0,6,23.33333333,17.85714286,10.71428571,26.25,35,7.01754386,3.636363636,11.76470588,10.83333333,40.57471264,32.63546798,47.66009852,44.35344828,40.17241379,50.57471264,20.56426332,60.44624747
170,1,6.083333333,22.86549708,46.49122807,21.05263158,22.21491228,44.9122807,23.91505079,7.049441786,19.7626419,10.83333333,50.93567252,42.73182957,43.60902256,39.32017544,50.1754386,62.69621422,20.44657097,69.29824561
171,1,6.416666667,20.05952381,38.64795918,25.70153061,23.45982143,18.21428571,27.94486216,6.298701299,44.64285714,11.08333333,59.3452381,46.30102041,60.14030612,56.94196429,39.64285714,50.50125313,17.98701299,38.34033613
172,1,5.666666667,15.47619048,16.07142857,5.867346939,22.32142857,14.28571429,9.398496241,4.025974026,32.35294118,10.33333333,47.61904762,42.85714286,40.30612245,38.39285714,78.57142857,45.11278196,64.41558442,76.47058824
173,2,5.75,24.54022989,37.00738916,24.81527094,23.85775862,36.81034483,23.59346643,13.1661442,37.27180527,10.58333333,48.67816092,62.86945813,21.12068966,51.01293103,73.01724138,74.41016334,58.30721003,76.82555781
174,2,5.833333333,27.24137931,32.38916256,15.64039409,21.59482759,45.17241379,12.22020569,6.018808777,30.32454361,10.66666667,44.48275862,39.77832512,56.28078818,31.93965517,50.34482759,63.0369026,22.94670846,57.70791075
175,1,5.666666667,32.33918129,37.21804511,27.50626566,35.24122807,32.45614035,26.28501077,14.73684211,57.53353973,10.41666667,67.42690059,59.77443609,65.10025063,57.60964912,69.29824561,52.13911973,72.15311005,82.30134159
176,0,6.5,21.92982456,20.67669173,16.35338346,15.39473684,13.94736842,-4.44E-16,3.062200957,10.99071207,11.25,35.96491228,28.19548872,31.39097744,36.44736842,24.47368421,35.0877193,8.803827751,48.14241486
177,0,5.666666667,11.87134503,5.576441103,4.824561404,17.85087719,31.40350877,5.232379194,4.146730463,19.09184727,10.41666667,39.94152047,35.65162907,23.62155389,23.11403509,52.45614035,31.08648815,11.80223286,40.76367389
178,2,5.583333333,19.94047619,19.13265306,16.83673469,15.84821429,24.46428571,12.81328321,8.246753247,12.23739496,10.25,59.22619048,34.43877551,47.44897959,56.02678571,78.03571429,82.36215539,19.93506494,53.20378151
179,2,5.75,18.21839081,4.679802956,12.19211823,19.84913793,31.29310345,5.414398064,7.460815047,22.87018256,10.58333333,49.25287356,26.84729064,41.74876847,41.83189655,57.15517241,43.52692075,11.22257053,68.50912779
180,1,6.083333333,15.89285714,27.61479592,24.29846939,21.83035714,29.46428571,6.046365915,10.03246753,31.67016807,10.75,62.32142857,85.0127551,66.39030612,62.00892857,61.60714286,64.31704261,62.62987013,72.63655462
181,2,5.75,28.42105263,33.45864662,16.35338346,34.73684211,36.05263158,11.91135734,7.942583732,35.91331269,10.5,63.50877193,59.77443609,57.70676692,54.47368421,57.10526316,39.61218837,21.33971292,48.29721362
182,2,5.75,28.59649123,33.64661654,22.93233083,31.64473684,31.31578947,8.217913204,7.464114833,39.78328173,10.5,67.19298246,63.72180451,53.0075188,64.53947368,57.63157895,67.31301939,11.29186603,70.74303406
183,1,6.166666667,15.95238095,9.43877551,9.948979592,23.125,18.21428571,5.388471178,3.116883117,15.96638656,10.83333333,37.38095238,47.70408163,32.90816327,41.875,71.78571429,54.26065163,18.7012987,66.38655462
184,2,6.5,10.45977012,20.93596059,15.14778325,19.13793103,51.37931035,5.081669692,42.19435737,71.09533469,11.33333333,72.52873563,61.57635468,77.95566503,52.75862069,87.5862069,59.52813067,92.97805643,95.43610548
185,0,6.25,15.77380952,9.183673469,24.61734694,15.24553571,22.85714286,1.441102757,3.246753247,24.26470588,10.91666667,33.63095238,39.79591837,32.27040816,35.33482143,65.71428571,42.79448622,11.03896104,68.38235294
186,2,5.833333333,24.94252874,15.88669951,25.86206897,21.03448276,25.86206897,10.16333938,6.269592477,22.81947262,10.66666667,73.21839081,63.91625616,51.72413793,52.06896552,51.72413793,51.90562613,85.26645768,89.75659229
187,2,5.666666667,31.83908046,27.46305419,10.34482759,27.88793103,28.79310345,12.88566243,10.28213166,40.87221095,10.5,59.42528736,64.408867,58.37438424,52.45689655,85.68965517,74.59165154,55.42319749,80.42596349
188,1,6.333333333,14.56140351,13.03258145,12.53132832,12.08333333,28.59649123,-0.80024623,5.071770335,8.66873065,11.08333333,46.14035088,31.82957394,38.84711779,37.08333333,49.64912281,63.83502616,10.81339713,55.10835913
189,2,6.25,24.70238095,38.71173469,23.27806122,31.29464286,43.66071429,12.3433584,14.87012987,66.54411765,10.91666667,63.98809524,50.19132653,57.71683674,55.40178571,70.44642857,46.17794486,81.1038961,88.60294118
190,1,6.25,22.24242424,19.09090909,23.05194805,18.09090909,28.36363636,16.01275917,8.991735537,15.40106952,10.83333333,44.06060606,65.84415584,62.01298701,56.27272727,61.09090909,46.63476874,10.97520661,60.32085562
191,2,5.833333333,24.50292398,19.61152882,11.09022556,11.71052632,30.70175439,15.88180979,9.920255183,27.39938081,10.58333333,59.59064328,72.24310777,22.36842105,63.02631579,51.75438597,71.28347184,34.80063796,55.2631579
192,1,5.916666667,26.90476191,32.39795918,25.12755102,22.85714286,20.08928571,2.224310777,1.980519481,6.302521008,10.58333333,41.19047619,47.70408163,32.78061225,44.28571429,25.44642857,30.4197995,11.72077922,31.51260504
193,0,5.916666667,23.57142857,21.68367347,14.79591837,15.46875,30.35714286,7.769423559,3.863636364,26.68067227,10.58333333,37.85714286,36.98979592,45.40816327,43.59375,51.78571429,52.88220551,17.5,39.28571429
194,1,5.5,23.57142857,20.15306122,14.66836735,21.29464286,28.21428571,10.0877193,10.38961039,11.02941177,10.16666667,59.28571429,43.1122449,18.49489796,46.74107143,60.35714286,75.87719298,41.55844156,33.08823529
195,0,5.75,14.56140351,2.255639098,5.45112782,9.473684211,11.84210526,2.123730379,0.4784689,9.442724458,10.5,39.12280702,47.36842105,43.04511278,48.94736842,48.68421053,44.59833795,10.04784689,21.82662539
196,0,5.75,24.76190476,22.38520408,18.43112245,18.70535714,32.14285714,12.40601504,6.915584416,20.48319328,10.41666667,53.33333333,41.51785714,29.91071429,42.8125,75,50,36.13636364,77.20588235
197,0,6.25,19.13793103,20.32019704,17.48768473,16.72413793,34.22413793,4.567453116,2.978056426,10.90263692,11.08333333,36.37931035,42.48768473,24.87684729,32.24137931,49.74137931,53.569268,16.14420063,86.96754564
198,1,5.916666667,20.64327485,28.94736842,14.72431078,20.50438597,35.70175439,11.38811942,11.45135566,24.14860681,10.66666667,59.23976608,51.5037594,41.04010025,50.76754386,77.80701754,63.09633734,43.98724083,61.3003096
199,2,6.333333333,27.66081871,37.53132832,30.13784461,25.57017544,43.24561404,7.448445676,9.66507177,16.66666667,11.08333333,62.74853801,63.84711779,60.21303258,54.51754386,69.56140351,53.61649738,55.59808612,75.49019608
200,2,6.666666667,19.04761905,3.571428571,34.69387755,20.71428571,39.28571429,-4.01E-15,20,33.61344538,11.33333333,51.19047619,30.35714286,42.34693878,43.48214286,82.14285714,78.94736842,88.18181818,90.33613445
201,1,6.416666667,17.61904762,30.54846939,11.41581633,19.82142857,40,7.236842105,0.551948052,10.50420168,11.08333333,46.19047619,49.68112245,45.85459184,51.96428571,40,46.71052632,37.56493507,60.92436975
202,0,6.25,15.57575758,9.545454546,8.961038961,24.45454546,13.63636364,1.690590112,5.157024793,18.18181818,10.83333333,37.39393939,32.92207792,44.02597403,35.36363636,40.90909091,38.05422648,11.10743802,66.31016043
203,1,6.333333333,21.15151515,35.71428571,10.90909091,21.56818182,40,6.953748006,4.231404959,14.43850267,10.91666667,53.87878788,35.71428571,61.55844156,54.29545455,40,60.54226475,49.85123967,62.56684492
204,2,6,20,35.71428571,21.42857143,20,35,24.56140351,9.090909091,35.29411765,10.58333333,45.45454546,59.09090909,75.97402597,48.63636364,45.90909091,76.23604466,64.62809917,70.58823529
